message_id,title,date,,,
2143,THE ANGEL IN THE CELL,9/17/17,,,
2142,THE KEYS OF GIDONE I,9/15/17,,,
2141,CHARIS,9/10/17,,,
2140,THE SECRET FROM YOUR SCHOOL DAYS ,9/8/17,,,
2139,THE THREE LIGHT REVELATION,8/20/17,,,
2138,MESSIAH THROUGH THE ROOF,8/13/17,,,
2137,HOW TO COMMIT HOLY SABOTAGE,8/11/17,,,
2136,THE PROPHETIC JUBILEE ,7/1/17,,,
2135,THE BERACHAH VALLEY VICTORY  HANDBOOK II,8/6/17,,,
2134,ASCENDING YOUR MOUNTAIN ,8/4/17,,,
2133,DR. YESHUA ,7/23/17,,,
2132,AHARIT HAYAMIM ,7/21/17,,,
2131,THE COSMIC SIBLING,7/16/17,,,
2130,Messiah at the Party,7/14/17,,,
2129,The Berachah Valley Victory Handbook I,7/2/17,,,
2128,THE EPHRATAH EQUATION ,6/30/17,,,
2127,THE COSMIC SECRET OF THE MIGHTY,6/25/17,,,
2126,SHERMAN‰ÛªS STRATEGY,6/23/17,,,
2125,THE HEAVENLY DADDY ,6/18/17,,,
2124,WHO DO I THINK I AM?,6/16/17,,,
2123,THE RABBI WHO MADE YOU KOSHER,6/11/17,,,
2122,THE 50th JUBILEE CELEBRATION OF JERUSALEM,6/9/17,,,
2121,THE DUNAMIS OF THE HEBREWS,5/28/17,,,
2120,THE POWER OF THE OMER,5/26/17,,,
2119,THE GOD WHO FORGOT HE WAS GOD,5/21/17,,,
2118,THE LAST HARVESTERS,5/19/17,,,
2117,The Engraved Love  ,5/14/17,,,
2116,The Night Light,5/12/17,,,
2115,THE BLUE PLANET MISSION,5/7/17,,,
2114,YES,5/5/17,,,
2113,THE ULTIMATE VERSE,4/23/17,,,
2112,THE STILL,4/21/17,,,
2111,THE ASHAMAH ,4/16/17,,,
2110,ROSH KHADASHIM ,4/14/17,,,
2109,THE ALPHA COMMAND,4/9/17,,,
2108,THE PASSOVER SEDER CELEBRATION 2017 ‰ÛÒ WITH SPECIAL MESSAGE ‰Û÷THE LAMB‰Ûª,4/7/17,,,
2107,THE PASSIONATE,4/2/17,,,
2106,THE STORM KING,3/31/17,,,
2105,THE MYSTERY OF THE SEMIKHAH,3/26/17,,,
2104,THE NIGHTFALL FACTOR,3/24/17,,,
2103,ALTARS OF THE UNKNOWN GOD,3/19/17,,,
2102,THE KEYS OF DAVID,3/17/17,,,
2101,THE GORAL ,3/5/17,,,
2100,THE GILGAL PRINCIPLE ,3/3/17,,,
2099,THE INHERITORS,2/24/17,,,
2098,THE MYSTERY OF THE YARDEN,2/19/17,,,
2097,THE CUP OF REELING: JERUSALEM,2/17/17,,,
2096,THE IDENTICAL,2/12/12,,,
2095,THE POWER OF THE ROCK,2/10/17,,,
2094,THE PARADIGM OF KINGS,1/29/17,,,
2093,KEYS OF THE CENTURION,1/27/17,,,
2092,THE OPPONENT,7/9/16,,,
2091,JOSIAH‰ÛªS WINDOW ,1/22/17,,,
2090,YOUR SECRET PRIESTHOOD,1/13/17,,,
2089,WORD FOR THE YEAR 2017,1/8/17,,,
2088,THE ANOINTING,1/1/17,,,
2087,2016 TIME LAPSE,12/31/16,,,
2086,THE SOVEREIGNS,12/25/16,,,
2085,THE TIME OF FULLNESS,12/24/16,,,
2084,A MAN CALLED IMMANUEL ,12/23/16,,,
2083,THE REKINDLING  ,12/18/16,,,
2082,THE OTHER GOD IN THE TEMPLE ,12/16/16,,,
2081,THE MASTER CLASS,12/11/16,,,
2080,MESSIAH IN THE CROWD ,12/9/16,,,
2079,THE JUBILEAN MYSTERY ,12/4/16,,,
2078,THE RISK TAKERS,12/2/16,,,
2077,THE GOD-THING AND THE YOU-FACTOR,11/27/16,,,
2076,THE SECRET OF FRUITS AND TREES,11/25/16,,,
2075,A TIME TO DECIDE,11/6/16,,,
2074,THE TESHUVAH POWER,11/4/16,,,
2073,OVERCOMING THE SERPENT,10/30/16,,,
2072,THE HEBREW BLESSING REVELATION,10/28/16,,,
2071,THE ELEMENTS OF HEAVEN,10/16/16,,,
2070,THE AUTUMN TEMPLATE,10/14/16,,,
2069,In His Presence,10/9/16,,,
2068,The Sacred Genome,10/7/16,,,
2067,The Harbinger of Baal,10/2/16,,,
2066,Days of the Tishbite,9/30/16,,,
2065,HERE I AM!,9/23/16,,,
2064,En Ha Korah: The Well of the Caller,9/18/16,,,
2063,The Realm of Above,9/16/16,,,
2062,AFTER THE SHAKING: Prophetic Word on the 15th Anniversary of 9/11,9/11/16,,,
2061,The Nezer,9/9/16,,,
2060,THE PANIM HA MASHIACH,8/21/16,,,
2059,THE ANTI-PROBLEM PRINCIPLE,8/19/16,,,
2058,THE POWER OF LET,8/14/16,,,
2057,THE IDUMEAN MYSTERY,8/12/16,,,
2056,THE GOD QUEST,8/7/16,,,
2055,THE MYSTERY OF THE ZYGOTE,7/31/16,,,
2054,THE ADDERET,7/29/16,,,
2053,THE MYSTERY OF THE WOLVES,7/15/16,,,
2052,YOUR DECLARATION OF INDEPENDENCE,7/3/16,,,
2051,THE ANTI-MARGINAL,7/1/16,,,
2050,THE HEAVENLY UNPOSSESSION,6/24/16,,,
2049,CHILDREN OF HEAVEN,6/19/16,,,
2048,THE KEBURAH,6/17/16,,,
2047,THE PNEUMATIC POWER,6/12/16,,,
2046,THE PLEDGE,6/10/16,,,
2045,THE SIX HEAVENLY ENTITIES,6/5/16,,,
2044,THE MISSING GOD,6/3/16,,,
2043,THE ARABAH,5/29/16,,,
2042,MANIFESTING GOD,5/27/16,,,
2041,THE CHALDEAN MYSTERY,5/15/16,,,
2040,MESSIAH AT THE GRAVEYARD,5/13/16,,,
2039,THE MOTHER LOVE OF GOD,5/8/16,,,
2038,DAYS OF FUTURE PAST,5/6/16,,,
2037,THE SECRET OF CISTERNS,5/1/16,,,
2036,THE PRACTICE OF ALWAYS,4/29/16,,,
2035,THE TRACING,4/24/16,,,
2034,THE PASSOVER SEDER CELEBRATION 2016,4/22/16,,,
2033,THE RESISTANCE SECRET,4/8/16,,,
2032,THE SEVEN EYES,4/3/16,,,
2031,THE COSMIC BRIDEGROOM,4/1/16,,,
2030,THE POWER OF THE FIRSTFRUITFUL,3/27/16,,,
2029,ENTERING THE SEVENTH DAY,3/25/16,,,
2028,THE SACRED SHAKING,3/20/16,,,
2027,THE ISSUE OF YOUR SAINTHOOD,3/18/16,,,
2026,THE SIDELINERS,3/13/16,,,
2025,THE PURIM LAW,3/11/16,,,
2024,THE SPIRIT OF THE SHEPHERD,2/28/16,,,
2023,THE GOSPEL OF THE LILIES,2/26/16,,,
2022,THE BELOVED POSSESSION,2/14/16,,,
2021,THE LIVING BLESSING,2/12/16,,,
2020,THE KEY OF THE PROMISE,2/7/16,,,
2019,ISAIAH'S KIPPURIM II,2/5/16,,,
2018,THE SECRET IN ABRAHAM'S TENTS,1/31/16,,,
2017,THE SURPRISE,1/29/16,,,
2016,THE KEYS OF VICTORY,1/22/16,,,
2015,THE MOMENT OF THE DESTINED,7/3/15,,,
2014,THE MYSTERY OF THE SHEMITAH CONFIRMED,1/17/16,,,
2013,THE SHALOM I GIVE,1/15/16,,,
2012,THE ALPHA KEY,1/10/16,,,
2011,THE APPOINTING AND THE ANOINTING,1/1/16,,,
2010,THE 2015 TIME LAPSE,12/31/15,,,
2009,WORDS FOR THE YEAR: 2016,12/27/15,,,
2008,THE TREASURE OF MIRACLES,12/25/15,,,
2007,ANGELS AND SHEPHERDS,12/24/15,,,
2006,THE BETHLEHEM TAPESTRY,12/20/15,,,
2005,THE WONDER,12/18/15,,,
2004,THE MENORAH PROPHECY,12/6/15,,,
2003,THE PRE-ABOMINATION PROPHECIES,12/4/15,,,
2002,THE RECHEM,11/29/15,,,
2001,THE POWER OF INTEGRITAS,11/27/15,,,
2000,THE YAD PEOPLE,11/22/15,,,
1999,THE STASIS,11/20/15,,,
1998,THE MYSTERY HARVESTS,11/8/15,,,
1997,LAWLESS,11/6/15,,,
1996,THE PRUNER'S HANDBOOK,11/1/15,,,
1995,THE DEVILS PSYCHOLOGICAL WARFARE- And How To Overcome It,10/30/15,,,
1994,THE POWER OF TAMIM,10/25/15,,,
1993,ISAIAH'S KIPPURIM I,10/23/15,,,
1992,GEDALIAH,10/18/15,,,
1991,THE ABOMINATIONS,10/16/15,,,
1990,THE TENT OF HEAVEN,10/4/15,,,
1989,THE ALPHA AND OMEGA SCROLL: The Mystery of Shemeni Atzeret,10/2/15,,,
1988,THE ONCE - IN - AN  ETERNITY WORLD,9/27/15,,,
1987,THE TABERNACLE OF DAVID MYSTERY,9/25/15,,,
1986,THE PROPHETIC JUBILEE II,9/20/15,,,
1985,THE PROPHETIC JUBILEE I,9/18/15,,,
1984,THE COMING MOED,9/13/15,,,
1983,THE REVELATION TEMPLATE,9/11/15,,,
1982,THE DAYS TO COME II,9/6/15,,,
1981,THE DAYS TO COME I,9/4/15,,,
1980,THE TECTONIC MOMENT & THE APPOINTED DESTINY,8/14/15,,,
1979,ANOCHEE EEMKHA,8/9/15,,,
1978,ENDLESS,8/7/15,,,
1977,THE ABOLITION OF GRAY,8/2/15,,,
1976,THE MYSTERY DAYS OF ZION I,7/19/15,,,
1975,THE SHALOM HEART,7/17/15,,,
1974,THE PROPHETIC MOMENT & Preparing For What Lies Ahead,7/12/15,,,
1973,THE ISAIAH 9:10 METAMORPHOSIS,7/10/15,,,
1972,THE PRICE OF ALL: Secret of the Pearl V,6/26/15,,,
1971,THE CHILD OF GOD IDENTITY,6/21/15,,,
1970,THE ARCH OF TITUS,6/19/15,,,
1969,THE APRIL MESSAGES,2015-04-00,,,
1968,THE KINGDOM OF THE LAMB,5/31/15,,,
1967,WAR OF THE GODS,5/29/15,,,
1966,THE MATTAN REVELATION,5/24/15,,,
1965,THE SHAVUOT KEYS,5/22/15,,,
1964,THE DARK ANGEL'S RED ALTAR,5/17/15,,,
1963,THE REAPPEARING,5/15/15,,,
1962,SECRETS OF LITTLE CHILDREN IV,5/10/15,,,
1961,THE DARK ANGEL'S SACRIFICE,5/8/15,,,
1960,THE KHAVAH MYSTERY OF EXISTENCE,5/3/15,,,
1959,THE ROOTS BY THE WATERS,5/1/15,,,
1958,THE MAMMON KEY,4/19/15,,,
1957,THE JOY OF THE REAPERS,4/17/15,,,
1956,THE I AM REVELATION,4/12/15,,,
1955,THE RAINS OF ZION,4/10/15,,,
1954,THE GENESIS DAY,4/5/15,,,
1953,THE GOD PRICE,4/3/15,,,
1952,HOW TO FULFILL PROPHECY V,3/29/15,,,
1951,THE PASSOVER SEDER CELEBRATION 2015:The Power of Remembrance,3/27/15,,,
1950,THE MANTLE OF ELIJAH,3/22/15,,,
1949,THE MIDDLE OF THE SHEMITAH,3/20/15,,,
1948,THE MOUNTAIN OF THE DARK ANGEL,3/15/15,,,
1947,THE PRESENCE IN THE TENT,3/13/15,,,
1946,STORM BREAKERS,3/1/15,,,
1945,HOW TO USE HAMAN FOR A LIFE OF BLESSING,2/27/15,,,
1944,THE EPIC ENDING,2/20/15,,,
1943,THE DODAYICH MYSTERY,2/15/15,,,
1942,THE ALTAR OF THE DARK ANGEL,2/13/15,,,
1941,THE LAMB UPON THE THRONE,2/1/15,,,
1940,BLESSED ARE THE PRUNERS,1/30/15,,,
1939,THE SHELL,1/25/15,,,
1938,THE MYSTERY OF PERGAMON ,1/23/15,,,
1937,REAPING THE FIELD OF BLESSINGS,1/11/15,,,
1936,THE VALLEY OF DRY BONES REVELATION,1/9/15,,,
1935,WORDS FOR THE YEAR:THE SOUND OF TERUAH,1/4/15,,,
1934,2014 TIME LAPSE,12/31/14,,,
1933,THE NIGHT OF THE SHEPHERDS,12/24/14,,,
1932,THE ALPHA LIGHT,12/21/14,,,
1931,THE VISITATION OF PLANET EARTH,12/19/14,,,
1930,THE MASK OF THE GODS,12/14/14,,,
1929,THE MACCABEE BLUEPRINT VI,12/12/14,,,
1928,THE SCIENTIFIC SECRETS OF JOY III,12/7/14,,,
1927,THE MYSTERY OF THE DOUBLE NEGATIVE REDEMPTION,12/5/14,,,
1926,THE ZION REVELATION,11/30/14,,,
1925,THE MYSTERY OF THE SHEMITAH CONTINUES II: The Uncrowning & The Assyrian,11/28/14,,,
1924,THE END OF THE STORY I,11/2/14,,,
1923,THE MYSTERY OF THE SHEMITAH CONTINUES I: THE FORESHADOWINGS,10/31/14,,,
1922,THE TENT OF EDEN,10/26/14,,,
1921,ROME AND JERUSALEM II: THE MYSTERY OF THE AGE ,10/24/14,,,
1920,THE AGE OF TABERNACLES,10/12/14,,,
1919,THE TABERNACLE'S SECRETS OF JOY,10/10/14,,,
1918,THE STATE OF ONEMENT,10/5/14,,,
1917,THE MYSTERY OF THE THREE YOM KIPPURS,10/3/14,,,
1916,THE LION OF TISHRI,9/28/14,,,
1915,THE COMING GREAT MOED,9/26/14,,,
1914,THE MYSTERY OF THE ALPHA STONE,9/21/14,,,
1913,THE SECRETS OF PRUNING,9/14/14,,,
1912,RADICALLY ROOTED,9/12/14,,,
1911,THE DAYS OF NULLIFICATION: THE MYSTERY OF THE SHEMITAH III,8/17/14,,,
1910,YOUR HEAVENLY PATTERN AND YOUR EARTHLY TAPESTRY: THE HEAVENLY PATTERN IV,8/8/14,,,
1909,THE PARADISE LAMB: The Lamb Mysteries VI,8/3/14,,,
1908,THE MYSTERY OF THE SHEMITAH-What Lies Ahead:The Mystery of the Shemitah VII,8/1/14,,,
1907,THE MYSTERY OF THE SEVENTH SHEMITAH:The Mystery of the Shemitah VI,7/20/14,,,
1906,THE RISE AND FALL OF NATIONS: The Mystery of the Shemitah V,7/18/14,,,
1905,THE MYSTERY OF THE TOWERS: The Mystery of the Shemitah IV,7/13/14,,,
1904,THE MYSTERY OF THE CATACLYSMS:The Mystery of the Shemitah II,7/13/14,,,
1903,THE ANCIENT MYSTERY & THE CYCLE OF SINAI:The Mystery of the Shemitah I,7/11/14,,,
1902,THE CHALDEAN SECRET OF WORLD HISTORY III,6/22/14,,,
1901,THE FATHER WHO NEVER WAS AND ALWAYS IS,6/15/14,,,
1900,ROME AND JERUSALEM: THE MYSTERY OF THE AGE I,6/13/14,,,
1899,THE GREAT OMISSION ,6/8/14,,,
1898,THE HOLY GUEST,6/6/14,,,
1897,ENTERING THE HEAVENLY DIMENSION,5/30/14,,,
1896,THE ANTI-FEAR & ANXIETY SOLUTION,5/25/14,,,
1895,THE LAMB MYSTERIES V,5/23/14,,,
1894,REVIVAL AND THE GODS,5/18/14,,,
1893,DRY BONES RISING,5/16/14,,,
1892,OUTSIDE THE WOMB,5/11/14,,,
1891,A MATTER OF GODS,5/9/14,,,
1890,THE NINTH OF AV MYSTERY,5/2/14,,,
1889,THE SCIENTIFIC SECRETS OF JOY II,4/27/14,,,
1888,THE POWER OF THE RAYSHEET,4/20/14,,,
1887,THE SUNSET OF MESSIAH,4/18/14,,,
1886,HOW TO FULFILL PROPHECY IV,4/13/14,,,
1885,THE PASSOVER SEDER CELEBRATION 2014:  THE POWER TO MOVE,4/11/14,,,
1884,THE I AM MYSTERIES!,4/6/14,,,
1883,THE END-TIME REVELATION STRATEGY II,4/4/14,,,
1882,THE MYSTERY OF THE OMEGA STONE!,3/23/14,,,
1881,THE LAMB OF THE RISING: THE LAMB MYSTERIES IV,3/21/14,,,
1880,THE CALL OF THE DESTINED,3/16/14,,,
1879,THE MYSTERY OF HAMAN II,3/14/14,,,
1878,THE SPIRIT OF THE WOLF,3/9/14,,,
1877,THE SARIM:THE LITTLE MESSIAHS V,3/7/14,,,
1876,YHVH IN SANDALS,3/2/14,,,
1875,THE HEAVENLY EXCHANGE: SECRETS OF THE PEARL IV,2/21/14,,,
1874,THE MYSTERY OF THE TZIPURIM,2/16/14,,,
1873,THE DODEKHA MYSTERY,2/14/14,,,
1872,WORTHY OF THE CALL,2/9/14,,,
1871,THE RIVER OF THE PRIESTS,2/7/14,,,
1870,THE KEY TO YOUR PROMOTION,2/2/14,,,
1869,THE BLIND MAN'S JOKE,1/31/14,,,
1868,THE ISAIAH 53 LEVITICAL MYSTERIES II,1/24/14,,,
1867,The Tree and the Waters,1/12/14,,,
1866,WORD FOR THE YEAR:THE VISION, THE VOICE, THE PREPARATION, THE POWER &...,1/5/14
1864,ANI ET-KHA (I AM WITH YOU),12/24/13,,,
1863,THE YESHUA ANSWER ,12/22/12,,,
1862,A COURSE IN MIRACLES,12/20/12,,,
1861,THE ISAIAH 53 LEVITICAL MYSTERIES I,12/13/13,,,
1860,THE HANUKAH END-TIME STRATEGY II,12/8/13,,,
1859,THE HANUKAH END-TIME KEYS 1,12/6/13,,,
1858,JOURNEY TO THE PROMISED LAND III,11/24/13,,,
1857,NOVEMBER 22nd 1963 THE 50th ANNIVERSARY,11/22/13,,,
1856,THE PRICE OF THE GREAT,11/3/13,,,
1855,THE LAMB MYSTERIES III:THE OFFERING,11/1/13,,,
1854,THE FROZEN BIRTHDAY CAKE,10/27/13,,,
1853,THE TEN KEYS OF THE SHABBAT MASHIACH,10/25/13,,,
1852,THE HARBINGER CONTINUES II: THE OTHER MYSTERY GROUND,10/13/13,,,
1851,LIVING THE PATTERN: THE HEAVENLY PATTERN III,10/11/13,,,
1850,THE ISAIAH 53 ATONEMENT,10/6/13,,,
1849,THE MIDDLE OF THE STORY,10/4/13,,,
1848,9/11 WORD TO AMERICA,9/11/13,,,
1847,THE EIGHTH DAY & HOW TO ENTER YOUR AFTERLIFE NOW,9/29/13,,,
1846,THE MYSTERY OF HOSHANNA RABBAH,9/27/13,,,
1845,THE SUKKOT SECRETS OF THE SPIRIT ,9/22/13,,,
1844,THE PERSON BEHIND THE VEIL,9/15/13,,,
1843,KADASH AND THE KINGDOM OF OY,9/13/13,,,
1842,THE MYSTERY OF THE SEVEN TRUMPETS,9/8/13,,,
1841,THE SHOFAR MYSTERY,9/6/13,,,
1840,THE END-TIME METAMORPHOSIS & THE ELIJAH PARADIGM!,7/1/13,,,
1839,BRIT PELEH: THE COVENANT OF THE IMPOSSIBLE,8/4/13,,,
1838,THE HALL OF SUPER VILLIANS,8/2/13,,,
1837,MESSAGE TO AMERICA,1/21/13,,,
1836,THE POWER OF JOY & THE VICTORIOUS LIFE,7/21/13,,,
1835,THE LAMB MYSTERIES II: THE LAMB & THE ALTAR,7/19/13,,,
1834,HOW TO GET RICH USING PLAY MONEY,7/14/13,,,
1833,THE BOOK OF YOU,7/12/13,,,
1832,A SUPREME APOSTASY,6/30/13,,,
1831,THE COSMIC SHEPHERD & THE COSMIC WOLF,6/28/13,,,
1830,THE ABBA DOCTRINE,6/16/13,,,
1829,THE SCIENTIFIC SECRETS OF JOY I,6/14/13,,,
1828,THE JERUSALEM PLURALITIES,6/7/13,,,
1827,THE MYSTERY OF THE RAINS,6/2/13,,,
1826,THE CHALDEAN SECRET TO WORLD HISTORY II: FROM 70 A.D. TO 1492,5/26/13,,,
1825,FINDING THE HEAVENLY PATTERN: THE HEAVENLY PATTERN II,5/24/13,,,
1824,THE WORLD-CHANGING CALL-A MESSAGE TO THE MESSIANIC MOVEMENT (RECORDED LIVE ,7/1/12,,,
1823,THE KEYS OF THE ANOINTED,5/19/13,,,
1822,DUNAMAHEE: THE POWER OF I CAN,5/17/13,,,
1821,THE WEDDING OF JONATHAN & RENATA PART II (DVD ONLY),6/18/05,,,
1820,THE WEDDING OF JONATHAN & RENATA PART I,6/18/05,,,
1819,THE PRE-WEDDING CEREMONY - Part II  THE BRINGING OF THE BRIDE,6/17/05,,,
1818,THE PRE-WEDDING CEREMONY - Part I  THE BRINGING OF THE BRIDE,6/17/05,,,
1817,THE ISAIAH 49:16 LOVE,5/12/13,,,
1816,THE MYSTERY OF THE SECRET ISRAELIS IV,5/10/13,,,
1815,LIVING IN SHADOWLAND,4/28/13,,,
1814,THE LAMB MYSTERIES I,4/26/13,,,
1813,THE COSMIC HERETIC,4/21/13,,,
1812,PLANTED,4/19/13,,,
1811,THE MYSTERY OF THE COSMIC WOMB,4/7/13,,,
1810,THE ISAIAH 53 NEW TESTAMENT REVELATION!,4/5/13,,,
1809,THE NIGHT AND THE SUNRISE,3/31/13,,,
1808,THE SECRETS OF THE MOHAR,3/29/13,,,
1807,HOW TO FULFILL PROPHECY III,3/24/13,,,
1806,THE PASSOVER SEDER 2013,3/22/13,,,
1805,THE HEAVENLY PATTERN: THE HEAVENLY PATTERN I,3/17/13,,,
1804,THE CHALDEAN SECRET OF WORLD HISTORY I: FROM EGYPT TO ROME,3/15/13,,,
1803,THE GREAT HERESIES,3/10/13,,,
1802,THE GROGGER,2/24/13,,,
1801,THE MYSTERY OF HAMAN I,2/22/13,,,
1800,THE MAN WHO NEVER WAS,2/17/13,,,
1799,THE ISAIAH 53 APPEARINGS I,2/15/13,,,
1798,THE DARK TRINITY,2/10/13,,,
1797,Weaned!,1/25/13,,,
1796,THE STATE OF ALWAYS,1/20/13,,,
1795,THE RADICAL KING & THE ROAD LESS TRAVELED,1/18/13,,,
1794,WORD FOR THE YEAR 2013,1/6/13,,,
1793,THE SHANNAH & THE MANAH,12/31/12,,,
1792,THE SECRETS OF CHANGE & BREAKTHROUGH,12/28/12,,,
1791,THE HOUSE OF THE PRESENCE,12/24/12,,,
1790,BC/AD,12/23/12,,,
1789,THE CHRISTMAS PRINCIPLE,12/21/12,,,
1774,SECRETS OF THE NIGHT: THE STARS,12/9/12,,,
1773,THE MACCABBEE BLUEPRINT V,12/7/12,,,
1772,THE MESSIAH MOTIVE,12/2/12,,,
1771,LIKE A TREE,11/30/12,,,
1770,THE DON‰ÛªT LOOK WHERE YOU‰ÛªRE NOT GOING SECRET!,11/25/12,,,
1769,DAYS OF EARTH AND HEAVENLY HABITATIONS,11/18/12,,,
1768,THE ISAIAH 53 NEW COVENANT APPEARINGS,11/16/12,,,
1767,THE TIPPING POINT,11/9/12,,,
1766,DEVILS, TWISTERS, & HERETICS,10/28/12,
1765,THE EXCELLENT,10/19/12,,,
1764,THE HARBINGER CONTINUES: EREZ AND BABEL,10/14/12,,,
1763,D328 THE SECRET OF WORLD HISTORY II,10/12/12,,,
1762,THE HEAVEN‰ÛªS CAMPERS ON EARTH,9/30/12,,,
1761,THE HEAVEN AND EARTH CONTINUUM,9/28/12,,,
1760,MESSIAH‰ÛªS JUBILEE,9/23/12,,,
1759,THE PROPER CARE OF YOUR PET SCAPEGOAT,9/21/12,,,
1758,THE DAY OF THE SHOMREEM,9/16/12,,,
1757,THE MYSTERY OF TISHRI 1,9/14/12,,,
1756,THE AWESOME DAYS,9/9/12,,,
1755,THE PRESENCE & THE GLORY ‰ÛÒ LOST AND FOUND ,9/7/12,,,
1754,THE MANTLE OF JONAH,8/12/12,,,
1753,BLESSED IS THE MAN,8/10/12,,,
1752,THE FORGOTTEN VIRTUE,7/29/12,,,
1751,YOUR FOOTPRINTS IN THE SAND,7/27/12,,,
1750,THE MATRIX WORLD: HEAVEN'S WOMB,7/22/12,,,
1749,THE NEHEMIAH STRATEGY,7/20/12,,,
1748,APPREHENDING THE MOMENTUM OF HEAVEN II,7/1/12,,,
1746,KHAZAK! THE SECRET OF MAKING YOURSELF STRONG,6/24/12,,,
1745,THE ABBA MYSTERY OF FAITH,6/17/12,,,
1744,THE SARCASTIC PROPHET,6/15/12,,,
1743,MYSTERIES OF THE SECRET ISRAELI'S III,6/3/12,,,
1742,THE SECRET OF THE WIND,5/27/12,,,
1741,THE POWER,5/25/12,,,
1740,THE SECRETS OF LITTLE CHILDREN III,5/13/12,,,
1739,THE ISAIAH 53 WITNESS II,5/11/12,,,
1738,THE COSMIC KEYCHAIN II,5/4/12,,,
1737,IF MY PEOPLE,4/29/12,,,
1736,ENTERING YOUR PROPHETIC DESTINY!,4/15/12,,,
1735,PASSOVER SEDER CELEBRATION -2012,4/13/12,,,
1734,THE MYSTERY EVENT,4/8/12,,,
1733,MESSIAH'S CATACLYSM & THE HIDDEN WRITINGS OF 30 A.D.,4/6/12,,,
1732,HOW TO FULFILL PROPHECY II,4/1/12,,,
1731,THE COSMIC KEYCHAIN I,3/30/12,,,
1730,THE NISAN GOSPEL MYSTERY,3/25/12,,,
1729,THE PRIZE: SECRETS OF THE PEARL III,3/16/12,,,
1728,THE COSMIC TSULAV & THE MYSTERY OF PURIM,3/11/12,,,
1727,THE SWORD OF AMALEK & THE MYSTERY OF PURIM,3/9/12,,,
1726,WOLVES & HERETICS,3/4/12,,,
1725,THE GOLDEN CALF CIVILIZATION: TABLET II,2/19/12,,,
1724,THE ISAIAH 53 WITNESS,2/17/12,,,
1723,THE PRODIGAL SON REVELATION,2/12/12,,,
1722,STATE OF BLISS,2/10/12,,,
1721,THE MESSIAH BEARER,2/5/12,,,
1720,THE 3 ANOINTINGS OF THE HOLY,2/3/12,,,
1719,THE MYSTERY OF THE COSMIC FRINGE: THE KRASPEDON MYSTERIES IV,1/29/12,,,
1718,THE DESTINY PRINCIPLE,1/27/12,,,
1717,APPREHENDING THE MOMENTUM OF HEAVEN,1/22/12,,,
1716,END OF YEAR MINI-MESSAGE,12/30/11,,,
1715,THE WAR OF THE CHRISTMASES,12/25/11,,,
1714,THE FROM FOREVER REDEMPTION,12/24/11,,,
1713,LORD OF THE AGES,12/23/11,,,
1712,HANUKAH CODE II,12/18/11,,,
1711,HANUKAH CODE I,12/16/11,,,
1710,RIVERS OF EDEN,12/4/11,,,
1709,THE REVOLUTIONARIES: LITTLE MESSIAHS,12/2/11,,,
1708,THE PURCHASED,11/27/11,,,
1707,THE SERPENTHEAD PRINCIPLE,11/25/11,,,
1706,THE MAN OUTSIDE THE PARTY,11/20/11,,,
1705,The Power of the Keys,11/18/11,,,
1704,BAAL, ZEUS, TAMMUZ, & THE THREE STOOGES,11/11/11
1703,THE EAGLE, THE WIND, THE CALL, & THE GLORY!,10/23/11
1702,THE DAY AFTER THE END,10/21/11,,,
1701,THE MYSTERY OF THE ILANOT,7/1/11,,,
1700,YOUR CALLING, YOUR OBSTACLE, YOUR VICTORY,10/16/11,
1699,THE SUKKOT FACTOR & THE SEVEN BLESSINGS,10/14/11,,,
1698,INTO THE HOLY OF HOLIES,10/9/11,,,
1697,THE TETRAGRAMMETON,10/7/11,,,
1696,THE ELIJAH CALL,10/2/11,,,
1695,THE DAYS OF APOSTASY [ AND HOW TO PROSPER IN SPITE OF THEM],9/30/11,,,
1694,LOST TREASURE WORLD,9/25/11,,,
1693,THE SECRETS OF THE MOUNTAINTOP WALKER,9/23/11,,,
1692,THE KEYS OF THE KINGDOM--No DVD,9/16/11,,,
1691,THE ARBELLA PROPHECY,9/11/11,,,
1690,THE BAT & THE MOTH WARFARE REVELATION,9/9/11,,,
1689,THE MYSTERY OF THE COSMIC WINGS: THE KRASPEDON MYSTERIES III,8/14/11,,,
1688,THE BURIED TREASURE: SECRETS OF THE PEARL II,8/12/11,,,
1687,FORSAKE NOT,8/7/11,,,
1686,THE GATES OF SHEOL,8/5/11,,,
1685,HOW PRECIOUS ARE YOUR THOUGHTS,7/31/11,,,
1684,THE ISAIAH 53 RABBINICAL MYSTERY II: THE CONLCLUSION,7/29/11,,,
1683,AS YOU LOVE YOURSELF,7/17/11,,,
1682,THE SURE, THE SECURE, THE MIGHTY,7/15/11,
1681,THE WATCHMAN'S CHARGE,7/3/11,,,
1680,YESHUATI,7/1/11,,,
1679,THE SECRETS OF LITTLE CHILDREN II,6/19/11,,,
1678,DAYENU: THE SECRET OF CONTENTMENT,6/17/11,,,
1677,THE MYSTERY OF THE TREES,6/10/11,,,
1676,THE FORCE,6/5/11,,,
1675,THE MOUNT SINAI PENTECOST,6/3/11,,,
1674,THE MAN WHO CRIED WOLF,5/22/11,,,
1673,THE MYSTERY OF THE TWO KEHILAHS,5/20/11,,,
1672,THE SECRETS OF LITTLE CHILDREN I,5/8/11,,,
1671,THE LOOK WHERE YOU'RE GOING SECRET,5/6/11,,,
1670,THE LAW OF THE TREES!,5/1/11,,,
1669,THE POWER OF VISION! ,4/29/11,,,
1668,THE RISING GODS,4/24/11,,,
1667,THE GOOD FRIDAY SACRIFICE MYSTERY ,4/22/11,,,
1666,HOW TO FULFILL PROPHECY I ,4/17/11,,,
1665,THE PASSOVER CELEBRATION SEDER 2011:WITH SPECIAL MESSAGE:THE JERUSALEM PASS,4/15/11,,,
1664,I WILL ALSO MAKE YOU A LIGHT: ISAIAH 49:6,4/3/11,,,
1663,BARCHEEM HABAEEM: BLESSED ARE THEY WHO COME,3/27/11,,,
1662,THE ENTRANCE TO THE SECOND WORK,3/25/11,,,
1661,THE DRAGON'S SECRET & THE PLANS OF HEAVEN II,3/20/11,,,
1660,THE DRAGON'S SECRET & THE PLANS OF HEAVEN I,3/18/11,,,
1659,THE TENT OF THE PRESENCE,3/6/11,,,
1658,THE PREPARATION FOR YOUR CALLING,3/4/11,,,
1657,LITTLE MESSIAHS: THE CHAMPIONS,2/25/11,,,
1656,CLUSTERS OF YOUR PROMISED LAND,2/20/11,,,
1655,THE ROADS OF ZION MYSTERY,2/18/11,,,
1654,YISHKENI: THE DIVINE KISS,2/13/11,,,
1653,THE PEARL OF GOOD PRICE: SECRETS OF THE PEARL I,2/11/11,,,
1652,THE ROBE, THE RING, & THE SANDALS,2/6/11,
1651,THE ISAIAH 53 RABBINICAL MYSTERY I,2/4/11,,,
1650,THE DAYS OF THE RASHAH,1/28/11,,,
1649,THE ENTRANCE & THE HOLY (WORD FOR THE YEAR),1/23/11,,,
1648,THE CONTROVERSY OF THE ROCK,1/21/11,,,
1647,I SHALL NOT PASS THIS WAY AGAIN,1/16/11,,,
1646,THE HONEYCOMBS OF HEAVEN ,1/14/11,,,
1645,MAKING STRAIGHT THE CROOK,1/9/11,,,
1644,2010 TIME LAPSE,12/31/10,,,
1643,THE CITY ON THE MOUNTAIN,12/26/10,,,
1642,THE BETHLEHEM MYSTERIES,12/24/10,,,
1641,EPHRATAH: THE MYSTERY,12/19/10,,,
1640,THE ROYAL CHILD & THE CURSE OF JECONIAH,12/17/10,,,
1639,THE BOOK OF DAYS,12/12/10,,,
1638,THE JOY SECRET & HOW TO TRANSFORM YOUR LIFE,12/10/10,,,
1637,PALESTINA: THE MYSTERY OF PALESTINE,12/5/10,,,
1636,THE WOMAN, THE BEAST, & THE SAINTS: THE MACCABEE BLUEPRINT IV,12/3/10,
1635,THE PARABLE OF YOU,11/21/10,,,
1634,HEAVEN'S PORTAL,11/19/10,,,
1633,THE KAYFAH PRINCIPLE AND YOUR NEW NAME,11/5/10,,,
1632,THE BLUFF OF THE ANCIENT LION ,10/31/10,,,
1631,ADAM INCOGNITO,10/29/10,,,
1630,THE GOLEM,10/24/10,,,
1629,THE KRASPEDON MYSTERIES II: THE MYSTERY OF THE FOUR COSMIC CORNERS,10/22/10,,,
1628,THE SERAPHIM'S COAL,10/10/10,,,
1627,AFTER THE PATTERN,10/3/10,,,
1626,THE AGE BEYOND AGES THE MYSTERY OF THE EIGHTH DAY 3: THE CONCLUSION,10/1/10,,,
1625,THE FEAST OF TABERNACLES MYSTERY OF EDEN,9/26/10,,,
1624,THE FEAST OF TABERNACLES END-TIME MYSTERY,9/24/10,,,
1623,THE YOM KIPPUR MYSTERY OF EDEN,9/19/10,,,
1622,THE YOM KIPPUR END-TIME MYSTERY,9/17/10,,,
1621,THE SOUND OF THE ALPHA & OMEGA  ,9/12/10,,,
1620,THE LAMB OF SPRING & THE LION OF AUTUMN,9/10/10,,,
1619,HOW TO BUILD THE LATTER HOUSE!,8/22/10,,,
1618,THE DAYS OF ELIJAH III: THE MOUNT CARMEL GENERATION,8/20/10,,,
1617,THE MULTI-COLORED TAPESTRY,8/15/10,,,
1615,LEGACY,8/6/10,,,
1614,A GUIDE FOR THE PROVOKER,7/25/10,,,
1613,THE GLORY IN YOUR TENT,7/23/10,,,
1612,THE MYSTERY OF THE MIKURAH (MESSIAH CONFERENCE '10),6/30/10,,,
1611,THE SHABBAT MYSTERY CODE II:THE CONCLUSION,7/18/10,,,
1610,THE GREAT ISAIAH 53 CONTROVERSY II: THE CONCLUSION,7/16/10,,,
1609,INDEPENDENCE DAY,7/4/10,,,
1608,LAND OF LOST TREASURES,6/27/10,,,
1607,HEAVENLY GPS REVELATIONS II ,6/25/10,,,
1606,THE SECRET OF BECOMING A BELOVED CHILD!,6/20/10,,,
1605,A.D. IV: THE MISHKAN CLUE,6/11/10,,,
1604,ATAH HU MASHIACH,6/4/10,,,
1603,TO FINISH THE RACE,5/30/10,,,
1602,THE MYSTERY OF THE COSMIC TZITZIT:THE KRASPEDON MYSTERIES I ,5/28/10,,,
1601,TABLETS OF THE SPIRIT,5/23/10,,,
1600,THE MOVER,5/21/10,,,
1599,UNSWERVINGLY,5/16/10,,,
1598,MYSTERIES OF THE SECRET ISRAELIS II,5/14/10,,,
1597,THE MAD LOVE!,5/9/10,,,
1596,PROVERBS FOR THE END-TIME BELIEVER,5/7/10,,,
1595,THE GREAT ISAIAH 53 CONTROVERSY,4/30/10,,,
1594,SHEEPSEEKER,4/25/10,,,
1593,THE EUTYCHUS PRINCIPLE,4/18/10,,,
1592,THE D328 SECRET OF WORLD HISTORY,4/16/10,,,
1591,THE MYSTERY AGE: THE MYSTERY OF THE EIGHTH DAY II,4/11/10,,,
1590,THE COSMIC X,4/4/10,,,
1589,THE PURPLE CRIMSON KING II,4/2/10,,,
1588,BRINGING IN MASHIACH,3/28/10,,,
1587,THE GREAT PASSOVER SEDER ,3/26/10,,,
1586,A.D.III: THE MOON, THE STARS, & THE SCROLL OF THE PRIESTS,3/21/10,
1585,THE DRAGON AND THE EGG,3/19/10,,,
1584,THE GRASS ON THE OTHER SIDE OF THE CHERUBIM,3/12/10,,,
1583,THE SECRET OF THE SITTING PRIEST,3/7/10,,,
1582,THE ANCIENT ONE & THE COSMIC DICE,2/28/10,,,
1581,HIS OWN BUSINESS,2/26/10,,,
1580,THE LAST FIFTEEN MINUTES,2/21/10,,,
1579,OUR BED IS GREEN,2/14/10,,,
1578,THE TENT OF GLORY,2/12/10,,,
1577,SUPERABUNDANT,2/7/10,,,
1576,THE NEMESIS,2/5/10,,,
1575,THE COSMIC KIPPURIM,1/31/10,,,
1574,THE GREAT BIBLICAL TRUTH DETECTOR,1/29/10,,,
1573,FRIEND, GO HIGHER: WORD FOR THE YEAR 2010 (INCLUDES DEDICATION OF ELIEL AHA,1/24/10,,
1572,FINISHING YOUR TOWER,1/1/00,,,
1571,SOME GUY JUST FELL OUT THE WINDOW,1/17/10,,,
1570,SPIRITUAL GEAR SHIFTING & THE SECRETS OF TRUE CHANGE,1/10/10,,,
1569,2009: TIME LAPSE!,1/1/10,,,
1568,YOU'RE HAVING A BABY! ,12/31/09,,,
1567,YOU'RE HAVING A BABY! ,12/27/09,,,
1566,THE REBEGOTTEN,12/25/09,,,
1565,HIS OTHER BETHLEHEMS,12/24/09,,,
1564,STARLIGHT,12/13/09,,,
1563,THE MACCABEE BLUEPRINT III ,12/11/09,,,
1562,THE GOLDEN CALF CIVILIZATION: TABLET I,12/6/09,,,
1561,THE TROUBLE WITH HEARTS,12/4/09,,,
1560,TO THE DEEP WATERS,11/29/09,,,
1559,THE FEARFUL WONDER,11/22/09,,,
1558,LITTLE MESSIAHS: THE LITTLE SUNRISE,11/20/09,,,
1557,THEY FORGOT THE BREAD!,11/13/09,,,
1556,THE NOW COVENANT,11/8/09,,,
1555,THE BREAKTHROUGH PROVERBS,11/6/09,,,
1554,THE LAMB AND THE FOX,11/1/09,,,
1553,THE NIGHT GENERATION: SECRETS OF THE NIGHT I,10/30/09,,,
1552,THE JERUSALEM GIFT!,10/25/09,,,
1551,MISTERIO DE LAS PUERTAS DEL TEMPLO (Mystery of the Temple Doors In Spanish),1/1/00,,,
1550,THE HARBINGER II: CONDENSED (Messiah Conference 2009),7/1/09,,,
1549,BOLD AS A LION,10/16/09,,,
1548,THE MYSTERY OF THE EIGHTH DAY,10/11/09,,,
1547,THE HARBINGER II: THE THIRD WITNESS & THE CHAIN OF PROGRESSION,10/9/09,,,
1546,THE FEAST OF TABERNACLES SECRETS OF JOY! - NO DVD AVAIL,10/4/09,,,
1545,THE LAMB OF HEAVENLY TABERNACLES,10/2/09,,,
1544,THE ONE,9/27/09,,,
1543,THE YOM KIPPUR SECRETS OF JUBILEE,9/25/09,,,
1542,THE MOEDEEM & THE SEVEN MYSTERIES (PART II),9/20/09,,,
1541,THE MOEDEEM & THE SEVEN MYSTERIES (PART I),9/18/09,,,
1540,PREPARING FOR THE CALL & EAGLE'S WINGS,9/13/09,,,
1539,THE HARBINGER II: THE PROPHET'S JAR,9/11/09,,,
1538,HINEYKHA!,8/16/09,,,
1537,THE HARBINGER II: THE MYSTERY OF THE SHEMITAH II,8/9/09,,,
1536,THE HARBINGER II: THE MYSTERY OF THE SHEMITAH I,8/7/09,,,
1535,THE BEGGAR'S BANQUET!,7/19/09,,,
1534,HIDDEN FLOCKS & GOLDEN CROWNS,7/17/09,,,
1533,THE SHABBAT MYSTERY CODE I,7/12/09,,,
1532,THE GOLDEN CALF PROPHETIC REVELATION,7/10/09,,,
1531,THE HOMECOMING, THE CONSUMMATION, & THE GIFT OF RUTH,6/28/09,
1530,THE HARBINGER II: THE UPROOTED!,6/26/09,,,
1529,EARTHLY FATHERS & CHILDREN OF HEAVEN!,6/21/09,,,
1528,THE HARBINGER II: THE ISAIAH 9:10 EFFECT!,6/14/09,,,
1527,A MIGHTY WIND (HONDORUS) - JONATHAN IN THE NATIONS RECORDED LIVE,6/14/09,,,
1526,THE NIGHT OF ISAIAH (49:6) (MIZORAM) - JONATHAN IN THE NATIONS RECORDED LIV,0000-00-00,,,
1525,NIGHT OF EZEKIEL (MIZORAM) - JONATHAN IN THE NATIONS RECORDED LIVE,0000-00-00,,,
1524,WIND OF CHANGE (NIGERIA) - (JONATHAN IN THE NATIONS RECORDED LIVE),0000-00-00,,,
1523,ARISE & SHINE: NIGHT VISIONS (INDIA) - (JONATHAN IN THE NATIONS RECORDED LI,0000-00-00,,,
1522,FOR JEWISH BELIEVERS,0000-00-00,,,
1521,THE HAPPINESS SECRETS/SECRETS,TIPS & EVERYTHING ELSE (NEW LIFE ALBUM/6 OF 6,0000-00-00,,
1520,DRAGON SLAYING/HEAVEN'S SECRET AGENT:YOUR MISSION FROM GOD (NEW LIFE ALBUM/,0000-00-00,,,
1519,COOL-UNCOOL & THE JUNK FOOD PRINCIPLE/THE OTHERS (NEW LIFE ALBUM/4 OF 6),0000-00-00,,,
1518,THE LOVER & THE BELOVED/CHANGING CLOTHES (NEW LIFE ALBUM/3 OF 6),0000-00-00,,,
1517,MANNA - ALL ABOUT THE WORD/STEPPING OUT & THE BUTTERFLY PRINCIPLE (NEW LIFE,0000-00-00,,,
1516,WHAT NOW! THE FOUR FOUNDATIONS OF SUCCESS (NEW LIFE ALBUM/1 OF 6),0000-00-00,,,
1515,PROXIMOS PASOS (NEXT STEPS IN SPANISH) - DISCIPLESHIP FOR THE NEWLY SAVED,0000-00-00,,,
1514,NEXT STEPS (DISCIPLESHIP FOR THE NEWLY SAVED),0000-00-00,,,
1513,PRIMEROS PASOS FIRST STEPS IN SPANISH (DISCIPLESHIP FOR THE NEWLY SAVED),0000-00-00,,,
1512,FIRST STEPS (DISCIPLESHIP FOR THE NEWLY SAVED),0000-00-00,,,
1511,PRIMEROS PASOS & NUEVO FOUNDATIONS (FIRST STEPS & NEW FOUNDATIONS IN SPANIS,0000-00-00,,,
1510,FIRST STEPS & NEW FOUNDATIONS (DISCIPLESHIP FOR THE NEWLY SAVED),0000-00-00,,,
1509,ENCONTRANDO UNA VIDA NUEVA (FINDING NEW LIFE - SPANISH),0000-00-00,,,
1508,FINDING YOUR MESSIAH - PART II,0000-00-00,,,
1507,FINDING YOUR MESSIAH - PART I,0000-00-00,,,
1506,FINDING NEW LIFE FOR JEHOVAH'S WITNESS,0000-00-00,,,
1505,FINDING NEW LIFE FOR CATHOLICS & OTHER CHRISTIAN BACKGROUNDS,0000-00-00,,,
1504,FINDING NEW LIFE FOR THE SKEPTICAL,0000-00-00,,,
1503,FINDING NEW LIFE FOR MUSLIMS,0000-00-00,,,
1502,FINDING NEW LIFE FOR EASTERN & NEW AGE,0000-00-00,,,
1501,FINDING NEW LIFE - CD,0000-00-00,,,
1500,1500!,6/12/09,,,
1499,SPRINKLED!,6/7/09,,,
1498,THE SECRET OF THE OMERS!,5/31/09,,,
1497,ADON HA KATZEER!,5/29/09,,,
1496,THE PROOF OF YOUR RADIANCE!,5/17/09,,,
1495,MYSTERIES OF THE SECRET ISRAELIS I,5/15/09,,,
1494,THE PRAYERS OF LITTLE CHILDREN II,5/10/09,,,
1493,THE EYES OF ADAM!,5/8/09,,,
1492,THE HAMMER AND THE SWORD!,5/3/09,,,
1491,THE MIRACLE WORLD!,5/1/09,,,
1490,THEY WHO MAKE THE GODS TREMBLE!,4/26/09,,,
1489,THE CHILD OF EDEN COSMIC FINALE: THE CHILD OF EDEN MYSTERIES V,4/24/09,,,
1488,THE SECRET OF THE CUP,4/19/09,,,
1487,THE GREAT PASSOVER SEDER CELEBRATION 2009!,4/14/09,,,
1486,SECRET OF THE SANHEDRIN!,4/12/09,,,
1485,THE PURPLE CRIMSON KING I!,4/10/09,,,
1484,HA BAH: HE WHO COMES!,4/5/09,,,
1483,WHEN GOD SAYS 'NO' BUT MEANS 'YES'!,4/3/09,,,
1482,HEAVENLY G.P.S. REVELATIONS!,3/29/09,,,
1481,HIGH PRIEST OF THE HEAVENLIES!,3/22/09,,,
1480,LITTLE MESSIAHS!,3/20/09,,,
1479,SECRETS OF THE SECOND GENESIS!,3/13/09,,,
1478,SECRET OF THE ARCH-ENEMIES!,3/8/09,,,
1477,THE SECRET OF HIS IMMORTALITY!,3/6/09,,,
1476,THE JOY OF THE FIGHT!,3/1/09,,,
1475,HOW TO MINISTER TO YOURSELF!,2/27/09,,,
1474,DAYS OF THE GOLDEN CALF!,2/22/09,,,
1473,THE WINTER IS PAST!,2/15/09,,,
1472,THE ANTI-MOMENTUM SECRET!,2/13/09,,,
1471,THE PORTABLE MOUNTAINTOP!,2/9/09,,,
1470,PLAN B!,2/6/09,,,
1469,THE FACE AND THE MIRROR!,2/1/09,,,
1468,THE FACE IN THE WATERS!,1/30/09,,,
1467,THE GREAT DIVESTMENT!,1/25/09,,,
1466,MAKING IT OLD!,1/18/09,,,
1465,THE MILOOEEM!,1/16/09,,,
1464,THE SECRET OF THE BACK SEAT!,1/11/09,,,
1463,LET YOUR LIGHT SO SHINE!,1/4/09,,,
1462,Y'HEE OR LET THERE BE LIGHT!,1/2/09,,,
1461,A YEAR OF CHANGE & THE MIGHTY ARM,1/18/09,,,
1460,THE SONG OF YOSEPH & MIRYAM!,12/24/08,,,
1459,THE MATTAN PEOPLE!,1/11/09,,,
1458,THE OTHER CHRISTMAS WAR!,12/19/08,,,
1457,THE MACCABEE BLUEPRINT II,12/12/08,,,
1456,THE MACCABEE BLUEPRINT I,12/7/08,,,
1455,THE SHINING!,11/30/08,,,
1454,THE MOMENTUM SECRET!,11/28/08,,,
1453,THE POWER OF HADDASHAH!,11/23/08,,,
1452,THE OTHER SIDE OF THE SCALE!,11/21/08,,,
1451,GODS, AXIOMS & SACRED COWS,11/14/08,,
1450,BONFIRES OF THE HOLY SPIRIT,11/9/08,,,
1448,THE FRANKENSTEIN PRINCIPLE,10/31/08,,,
1447,THE NEW COVENANT SECRETS OF FULFILLING YOUR MINISTRY,10/26/08,,,
1446,THE ISAAC-REBEKAH WEDDING MYSTERY III,10/19/08,,,
1445,THE CHILDREN OF EDEN: THE CHILD OF EDEN MYSTERIES III,10/17/08,,,
1444,THE GREAT END-TIME HOLY DAY REDEMPTION,10/12/08,,,
1443,THE TWO SUKKAHS OF THE LAST DAYS,10/10/08,,,
1442,THE KADIMA REDEMPTION MYSTERY,10/5/08,,,
1441,ENTERING THE COSMIC WAY,10/3/08,,,
1440,THE PROPHETIC GENERATION,9/28/08,,,
1439,THE ELIJAH GENERATION ,9/26/08,,,
1438,THE BRIT HADDASHAH!,9/21/08,,,
1437,THE SECRET OF UNSOWING,9/19/08,,,
1436,BUT WHO ARE YOU?,9/14/08,,,
1435,BAAL AT MCDONALDS,9/12/08,,,
1434,THE BRIDE & GROOM RENEWAL,9/7/08,,,
1433,LIGHTS TO THE WORLD,9/5/08,,,
1432,THE UPSIDE DOWN KINGDOM,8/17/08,,,
1431,THE SECRET OF THE ZERAH,8/15/08,,,
1430,A HANDKERCHIEF OF MIRACLES,8/10/08,,,
1429,THE BIRD'S NEST,8/8/08,,,
1428,THE TESHUVA MYSTERY: MESSIAH CONFERENCE LIVE,7/1/04,,,
1427,THE YOSHIAH MYSTERY: MESSIAH CONFERENCE LIVE,7/1/01,,,
1426,THE SIGN: MESSIAH CONFERENCE LIVE,7/1/02,,,
1425,THE MYSTERY OF THE BRIDE AND THE BRIDEGROOM - MESSIAH CONFERENCE LIVE   ,7/1/98,,,
1424,THE RISING GOD ON TRIAL: MESSIAH CONFERENCE LIVE,7/1/97,,,
1423,THE ISAAC- REBEKAH WEDDING MYSTERY II  ,8/3/08,,,
1422,MESSIAH'S COURSE IN MIRACLES,8/1/08,,,
1421,SELLING THE BROOKLYN BRIDGE,7/20/08,,,
1420,THE GLORY IN THE DUNGEON,7/18/08,,,
1419,CHILDREN OF THE GOEL,7/13/08,,,
1418,THE MYSTERY OF THE BEN ADOM: THE CHILD OF EDEN MYSTERIES II,0000-00-00,,,
1417,THE MYSTERY OF THE BEIT AHARON - MESSIAH CONFERENCE 2008,7/3/08,,,
1416,THE AMERICAN PROPHECIES,6/29/08,,,
1415,THE ISAAC - REBEKAH WEDDING MYSTERY I,6/22/08,,,
1414,ORPHANS OF THE FATHER,6/15/08,,,
1413,COUNTER STRATEGIES: THE STRATEGIES OF WARFARE IV,6/13/08,,,
1412,THE ANOINTING & LATTER GLORY,6/8/08,,,
1411,THE MOVINGS OF THE SPIRIT,6/6/08,,,
1410,A TIME TO GIVE THANKS,6/1/08,,,
1409,HA DERECH: THE WAY,5/25/08,,,
1408,THE HONEYCOMB SECRET,5/23/08,,,
1407,THE RESURRECTION OF ZION,5/18/08,,,
1406,THE PRAYERS OF LITTLE CHILDREN  ,5/11/08,,,
1405,SPIRITUAL MATURITY & THE TOY CHEST,5/9/08,,,
1404,STRAIGHT GATE,5/4/08,,,
1403,The Secrets of Heavenly Bowling,5/2/08,,,
1402,THE CHILD OF EDEN I: THE CHILD OF EDEN MYSTERIES I,4/25/08,,,
1401,WE DIDN'T EVEN KNOW!,4/20/08,,,
1400,THE GREAT PASSOVER CELEBRATION SEDER,4/18/08,,,
1399,THE PASSOVER MYSTERIES,4/13/08,,,
1398,INTO THE TENT OF MEETING,4/11/08,,,
1397,THE MYSTERY OF NISAN 1,4/6/08,,,
1396,FAITHFUL ARE THE WOUNDS,4/4/08,,,
1395,THE SEVEN DAYS OF THE NEW CREATION: THE CONCLUSION,3/30/08,,,
1394,HOW TO WALK ON WATER,3/28/08,,,
1393,THE DAY OF NEW BEGINNINGS,3/23/08,,,
1392,A DAY OF DAYS!,3/21/08,,,
1391,BRINGING MESSIAH TO JERUSALEM,3/16/08,,,
1390,THE HARVEST OF HEAVEN AND HELL,3/14/08,,,
1389,YOUR CALLING & HOW TO RISE TO IT ,3/9/08,,,
1388,YOUR CALLING & HOW NOT TO MISS IT ,3/7/08,,,
1387,THE JOY OF THE BATTLE ,3/2/08,,,
1386,SPARROWS, SWALLOWS AND THE EMPTY CURSE,2/29/08,,
1385,THE BEST,2/24/08,,,
1384,BLUNDERS AND VICTORY: THE STRATEGIES OF WARFARE III,2/17/08,,,
1383,THE MORIAH MIRACLE,2/15/08,,,
1382,SERVANTS OF THE MOST HIGH,2/10/08,,,
1381,THE SACRED BATH,2/8/08,,,
1380,THE APOLLOS PRINCIPLE,2/3/08,,,
1379,THE JONAH SIGN,2/1/08,,,
1378,WHO SHALL ASCEND AND THE KEYS TO REAL CHANGE,1/27/08,,,
1377,THE ROAR OF LIONS,1/25/08,,,
1376,THE LIVING AND THE DEAD,1/25/08,,,
1375,THE ENEMY'S BOOK OF WAR II: THE STRATEGIES OF WARFARE II,1/18/07,,,
1374,THE PRIEST KING,1/6/07,,,
1373,ALTARS ON MORIAH,1/4/08,,,
1372,NEW YEAR'S EVE, 2007 YEAR IN REVIEW,12/31/07,,
1371,THE MIRACULOUS LIFE,12/24/07,,,
1370,A.D.II,12/23/07,,,
1369,THE RABBIS' CHRISTMAS,12/21/07,,,
1368,OVERCOMING THE STONES,12/16/07,,,
1367,BECOMING A ROYAL PRIEST,12/14/07,,,
1366,THE CONSECRATION,12/9/07,,,
1365,THE UNBOWED,12/7/07,,,
1364,BARNS AND NOBLES,12/2/07,,,
1363,THE STEPS OF MAN,11/30/07,,,
1362,JOSHUA 1,11/25/07,,,
1361,POWER OF BIKOREEM ,1/1/00,,,
1360,THE ALIYAH MYSTERY,11/11/07,,,
1358,SECRETS OF THE SOWERS,11/4/07,,,
1357,PLOUGH,11/2/07,,,
1356,SLEEPING IN THE PRESIDENTS OFFICE,10/28/07,,,
1355,ADELPHOS,10/26/07,,,
1354,MESSAGE TO THE FIG TREE,10/21/07,,,
1353,DANGEROUS KISSES,10/19/07,,,
1352,FOLLOW THE CLOUD,10/14/07,,,
1351,WATERED: THE WELL WATERED LIFE,10/12/07,,,
1350,THE AWESOME GOD AND THE HOUSE OF GLORY II,10/7/07,,,
1349,THE AWESOME GOD AND THE HOUSE OF GLORY I ,10/5/07,,,
1348,THE HEAVENLY LIFE & THE LAST DAY,9/30/07,,,
1347,THE FEAST OF TABERNACLES,9/28/07,,,
1346,YOM EDEN & THE WAY TO PARADISE,9/23/07,,,
1345,YOM EDEN,9/21/07,,,
1344,DAYS OF THE WATCHMAN,9/16/07,,,
1343,THE MYSTERY OF YOM TERUAH,9/14/07,,,
1342,AND HE WILL DIRECT YOUR PATHS,9/9/07,,,
1341,THE GLORY & PANELED HOUSES,8/12/07,,,
1340,THE WEIGHTS OF THE SCALE,8/10/07,,,
1339,THE SEVEN DAYS OF THE NEW CREATION,8/5/07,,,
1338,THE MYSTERY OF HIKRIV,8/3/07,,,
1337,THE NAZIR: APOSTLES & SKINHEADS,7/29/07,,,
1336,COOL WATERS FROM HEAVEN,7/27/07,,,
1335,THE TOWER OF SILOAM,7/22/07,,,
1334,CHEF OF THE FUTURE & OTHER HERESIES,7/15/07,,,
1333,THE BEELZEBUB SOLUTION,7/13/07,,,
1332,THE MYSTERY OF THE YAD KEDEM: LIVE AT MESSIAH CONFERENCE 2007,7/4/07,,,
1331,CROSSING THE RED SEA,7/1/07,,,
1330,MESSENGERS OF THE KING,6/29/07,,,
1329,BIRKHAT AVOTE ,6/17/07,,,
1328,THE MYSTERY OF THE GHOST KINGDOM: THE NIGHT CREATURES III,6/15/07,,,
1327,THE AGE OF THE HUPPAH: THE SEVEN MILLENNIUM MYSTERY VII,6/10/07,,,
1326,THE FIRE & THE SWORD,6/3/07,,,
1325,THE ENEMY'S BOOK OF WAR: THE STRATEGIES OF WARFARE I,6/1/07,,,
1324,THE SECRET OF MARS HILL,5/27/07,,,
1323,THE HOUSE OF SPIRITS,5/25/07,,,
1322,DUNAMIS!,5/20/07,,,
1321,THE WIND OF EZEKIEL,5/18/07,,,
1320,THE INTIMATE ONE,5/13/07,,,
1319,AMERICA'S 400TH BIRTHDAY,4/29/07,,,
1318,FORBIDDEN FRUITS & SLINKIES,4/27/07,,,
1317,MINISTERING IN THE HEAVENLIES,4/22/07,,,
1316,SHOWERS OF BLESSING,4/15/07,,,
1315,THE AGE OF SHABBAT: THE SEVEN MILLENNIUM MYSTERY VI,4/13/07,,,
1314,THE TITANIC FACT & THE POWER OF X,4/8/07,,,
1313,THE MYSTERY OF THE ROSH PINAH,4/6/07,,,
1312,THE APOCALYPSE OF PALMS,4/1/07,,,
1311,PASSOVER SEDER 2007 & MESSAGE - CLEANSED TO MOVE,3/30/07,,,
1310,THE VISION & THE POWER,3/18/07,,,
1309,APPLES OF GOLD,3/9/07,,,
1308,THE MYSTERY OF THE BERAH,3/4/07,,,
1307,THE COSMIC HAMAN,3/2/07,,,
1306,THE HEBREW NATIONAL HOT DOG PRINCIPLE,2/25/07,,,
1305,THE PERFECT BOWLER,2/23/07,,,
1304,THE INFINITY SOLUTION,2/18/07,,,
1303,GODS ON VATICAN HILL,2/16/07,,,
1302,THE ENTRUSTMENT,2/4/07,,,
1301,THE MELCHIZEDEK MYSTERY,1/28/07,,,
1300,THE UNCONDITIONAL MESSIAH,1/26/07,,,
1299,DOORS AND WINDOWS,1/21/07,,,
1298,THE GLORY OF GOD AND KINGS,1/19/07,,,
1297,THE MASTER'S RETURN,1/14/07,,,
1296,A WORD FOR THE YEAR,1/7/07,,,
1295,THE WAY OF THE PRINCE OF LIFE,1/5/07,,,
1294,2006: A PROPHETIC REVIEW,12/31/06,,,
1293,THE PERSIAN GIFT,12/24/06,,,
1292,PLAYROMA CHRONOS,12/24/06,,,
1291,KAVODE YISRAEL,12/22/06,,,
1290,THE MOUNTAIN & THE MENORAH,12/17/06,,,
1289,THE EFFECT OF JUPITER ON JERUSALEM,12/15/06,,,
1288,GLADLY,12/10/06,,,
1287,THE OTHER MESSIAH,12/8/06,,,
1286,APOSTLES & PAGANS,12/3/06,,,
1285,THE APRIL MYSTERIES,11/26/06,,,
1283,JOURNEY TO THE PROMISED LAND II,11/19/06,,,
1282,JOURNEY TO THE PROMISED LAND - I,11/17/06,,,
1281,SHAKE THE DUST,10/29/06,,,
1280,THE SECRETS OF VICTORY,10/27/06,,,
1279,THE TENDER SHEPHERD,10/20/06,,,
1278,SUKKAT DAVEED,10/8/06,,,
1277,FEAST OF THE KINGDOM - NO DVD AVAIL,10/6/06,,,
1276,THE AZAZEL FACTOR,10/1/06,,,
1275,AZAZEL,9/29/06,,,
1274,THE JOSHUA PEOPLE,9/24/06,,,
1273,THE DAYS OF RETURN,9/22/06,,,
1272,PREPARING FOR THE GLORY,9/8/06,,,
1271,The Seventh Age: The Seven Millennium Mystery V,8/13/06,,,
1270,UNCHANGEABLE,8/11/06,,,
1269,OLD-FASHIONED BAAL,8/4/06,,,
1268,THE GOSPEL OF MICROBES AND NEUTROPHILS,7/21/06,,,
1267,THE BLESSER,7/16/06,,,
1266,THE MYSTERY OF THE SEVEN AGES - MESSIAH CONFERENCE 2006,7/5/06,,,
1265,MESSENGERS OF THE UNKNOWN GOD,7/2/06,,,
1264,SEEK FIRST,6/30/06,,,
1263,SECRETS OF THE LILIES,6/25/06,,,
1262,COUNSELS OF WAR,6/23/06,,,
1261,THE GREAT ABSENT FATHER,6/18/06,,,
1260,THE COSMOS AND THE GOEL,6/9/06,,,
1259,THE MAGDALENE FACTOR,6/4/06,,,
1258,THE CODE BREAKER,6/2/06,,,
1257,THE DA VINCI UNCODE,5/28/06,,,
1256,THE ILLEGAL MIRACLES,5/26/06,,,
1255,BUT I  WILL NOT FORGET YOU,5/14/06,,,
1254,Show Down on Mars Hill,5/7/06,,,
1253,Aaron's Oil,5/5/06,,,
1252,The Other Blessed Virgins,4/30/06,,,
1251,Rising in Grace,4/28/06,,,
1250,The Day of Man: The Seven Millennium Mystery IV,4/23/06,,,
1249,The Fields of Goel,4/21/06,,,
1248,Resheet: The Beginning of Days,4/16/06,,,
1247,The Sixth Day Revelation Mystery  ,4/14/06,,,
1246,The Nisan - Tishri Mystery,4/9/06,,,
1245,The Great Passover Seder Celebration Pt II,4/9/06,,,
1244,The Great Passover Seder Celebration Pt I,4/7/06,,,
1243,Provoked,3/26/06,,,
1242,Indiana Jones & The Mystery Of Purim II,3/19/06,,,
1241,Indiana Jones & The Mystery of Purim I,3/17/06,,,
1240,Master of Perfections,3/12/06,,,
1239,Adon Ha Shabbat-,3/10/06,,,
1238,Moving The Ancient Markers,3/3/06,,,
1237,Scorpions and Fish,2/26/06,,,
1236,Mercies and Sacrifices,2/24/06,,,
1235,The Bereans,2/19/06,,,
1234,The Wild Kingdom: The Seven Millennium Mystery III,2/10/06,,,
1233,The Celestial Kingdom: The Seven Millennium Mystery II,2/5/06,,,
1232,The Holy Lawbreaker,2/3/06,,,
1231,NERU LACHEM,1/29/06,,,
1230,THE SECRET OF HEART GUIDING,1/27/06,,,
1229,A TIME TO RISE,1/22/06,,,
1228,LOST IN LIMBO,1/20/06,,,
1227,THE OTHER KING,1/8/06,,,
1226,SECRETS OF THE SOUL KEEPERS,1/6/06,,,
1225,A YEAR OF JOY,12/31/05,,,
1224,THE REASON,12/25/05,,,
1223,THE MIRACLE KEEPERS,12/24/05,,,
1222,THE MANGER PEOPLE,12/23/05,,,
1221,THE HAMMERS OF GOD,12/18/05,,,
1220,THE CHANUKIZERS,12/16/05,,,
1219,STEALING THE SHOWBREAD,12/9/05,,,
1218,EASTERN GATE : LIVE AT YESHUA 2005,11/19/05,,,
1217,MELCHIZEDEK,12/4/05,,,
1216,THE DECIDERS,12/2/05,,,
1215,THE LIGHT, THE WATERS, & THE TREE : THE SEVEN MILLENNIUM MYSTERY I,11/27/05,
1214,MESSIAH'S MANTLE,11/20/05,,,
1213,END-TIME FAMILY VALUES : THE DIVORCE CIVILIZATION II,11/13/05,,,
1212,COME TO ME,11/11/05,,,
1211,FAITHFUL,11/6/05,,,
1210,THE SARCOPHAGUS,10/30/05,,,
1209,FEARLESS,10/28/05,,,
1208,THE SUKKOT MYSTERY FINALE,10/16/05,,,
1207,RAIN,10/14/05,,,
1206,SIXTEEN SECRETS OF YOM KIPPUR,10/9/05,,,
1205,ISRAEL'S YOM KIPPUR FINALE,10/7/05,,,
1204,THE THREE END-TIME TESHUVAS,10/2/05,,,
1203,THE HIDDEN END-TIME HOLY DAY,9/30/05,,,
1202,THE SACRED UNDERGARMENTS,9/25/05,,,
1201,UPSIDE DOWN,9/18/05,,,
1200,THE HEAVEN HUNTERS,9/16/05,,,
1199,THE HARBINGER,7/6/05,,,
1198,ROOMS OF TREASURES,8/21/05,,,
1197,THE COSMIC QUILT,8/19/05,,,
1196,THE DOCTRINE OF CAESAR,8/14/05,,,
1195,SHARP !,8/12/05,,,
1194,FOOTSTEPS ON THE ALTAR,8/7/05,,,
1193,THE SPIRIT-FILLED LIFE,8/5/05,,,
1192,THE ELOHIM MYSTERY,7/31/05,,,
1191,THE PLEASURE PRINCIPLE,7/29/05,,,
1190,WHELMED,7/24/05,,,
1189,MIRACLES IN SODOM,7/22/05,,,
1188,HEAVENLY TEARS - HEAVENLY SMILES,7/17/05,,,
1187,MIDNIGHT GRACE,7/10/05,,,
1186,LESSONS OF LITTLE CHILDREN II,6/12/05,,,
1185,THE GREAT WEDDING PLANNER,6/5/05,,,
1184,THE SHAVUOT MYSTERY GIFT,6/3/05,,,
1183,UNBOUND,5/29/05,,,
1182,SHADOW OF A DOUBT,5/20/05,,,
1181,THE PSALM OF ABUNDANT LIFE,5/15/05,,,
1180,THE SHILAMEEM,5/13/05,,,
1179,THE MYSTERY MOTHER & DAUGHTER,5/8/05,,,
1178,INFRARED & ULTRAVIOLET,5/6/05,,,
1177,FOOD OF THE PRIESTS,5/1/05,,,
1176,THE HARBINGER I,4/24/05,,,
1175,PASSOVER SEDER 2005 - II,4/22/05,,,
1174,PASSOVER SEDER 2005 - I,4/22/05,,,
1173,THE MOSES GUIDE TO A SUCCESSFUL CALLING,4/17/05,,,
1172,Hollywood's War,4/10/05,,,
1171,THE OMEGA POINT,4/1/05,,,
1170,THE GARDENER,3/27/05,,,
1169,THE TREE,3/25/05,,,
1168,SECRET OF THE ZEROAH,3/20/05,,,
1167,HANGING HAMAN,3/13/05,,,
1166,HAMAN'S BLESSING,3/11/05,,,
1165,ENLARGING YOUR TENT,3/5/05,,,
1164,NOTHING TO LOSE,3/4/05,,,
1163,THE BROKEN IMAGE : THE DIVORCE CIVILIZATION I,2/27/05,,,
1161,THE MIDNIGHT MIRACLE,2/20/05,,,
1160,THE LOVE OF GOD,2/13/05,,,
1159,ENTERING YOUR PRIESTHOOD,2/11/05,,,
1158,CHURCHES OF THE DEAD,2/4/05,,,
1157,THE HOLY CHUTZPAH,1/30/05,,,
1156,OFF THE ROCK,1/28/05,,,
1155,THE PIPER'S SONG,1/21/05,,,
1154,MASTER BUILDING WITH NEHEMIAH,1/16/05,,,
1153,WAVES AND ANCHORS,1/14/05,,,
1152,2004 : THE YEAR END PROPHECY,12/31/04,,,
1151,THE TZEMACH,12/26/04,,,
1150,THE ALMAH & THE KHATAN,12/24/04,,,
1149,THE WISDOM OF BABES,12/19/04,,,
1148,THE HOLY DEBT,12/17/04,,,
1147,THE OLIVE, THE LAMP, & THE PROMISE,12/12/04,
1146,SECRETS OF THE LIGHT,12/10/04,,,
1145,THE CIRCLE : THE PURPLE MYSTERY IV,12/5/04,,,
1144,THE WISDOM OF FOOLS,12/3/04,,,
1143,THE MACEDONIAN,11/21/04,,,
1142,THE OMEGA OATH,11/14/04,,,
1141,OUT OF THE PERISPHERE,11/7/04,,,
1140,CAST DOWN THE GODS,10/31/04,,,
1139,THE YEHUDIM,10/22/04,,,
1138,THE GROWING UP GUIDE,10/17/04,,,
1137,MORE THAN ME,10/15/04,,,
1136,THE SPIRIT MIND,10/8/04,,,
1135,THE MOEDEEM AND THE MYSTERY OF YOUR LIFE,10/3/04,,,
1134,THE HEAVENLY FEAST,10/1/04,,,
1133,HIM,9/26/04,,,
1132,KADOSH,9/24/04,,,
1131,AWAKENING,9/19/04,,,
1130,THE SOUND OF THE KING,9/17/04,,,
1129,A GUIDE FOR THE SPIRIT FILLED,9/12/04,,,
1128,OUT OF THE WILDERNESS,9/10/04,,,
1127,FREELY,8/22/04,,,
1126,THE DRAGON SLAYERS : HOW TO SLAY YOUR DRAGONS,8/20/04,,,
1125,DON'T LOOK BACK,8/8/04,,,
1124,SERPENTS AND DOVES,8/6/04,,,
1123,SHUTTING THE DRAGON'S MOUTH,8/1/04,,,
1122,LESSONS OF LITTLE CHILDREN I,7/30/04,,,
1121,THE MATTANAH AND THE KITORET,7/23/04,,,
1120,THE MYSTERY GROUND,7/18/04,,,
1119,TWILIGHT OF THE GODS - MESSIAH CONFERENCE 2004,7/6/04,,,
1118,1776,7/4/04,,,
1117,THE SCHIZOPHRENIC NATION,7/2/04,,,
1116,YOU'RE BEING FOLLOWED,6/27/04,,,
1115,CHILDREN OF ABBA,6/20/04,,,
1114,THE GOOD JOY,6/18/04,,,
1113,NO TAPE AVAILABLENO TAPE AVAILABLE,6/6/04,,,
1112,THE YOMA MYSTERIES,6/4/04,,,
1111,THE CROWN OF THE HOLY,5/30/04,,,
1110,THE GIFT OF THE CALAH,5/23/04,,,
1109,THOU WILT,5/21/04,,,
1108,DEPART FROM SIN,5/16/04,,,
1107,THE INGATHERING,5/14/04,,,
1106,THE TENDER LOVE,5/9/04,,,
1105,CLOSETS AND ROOFTOPS,4/7/04,,,
1104,THE IRON CREATURE : THE NIGHT CREATURES II,4/30/04,,,
1103,FIRE AND GRACE,4/18/04,,,
1102,PASSOVER SEDER 2004 - PART II,4/16/04,,,
1101,PASSOVER SEDER 2004 - PART I,4/16/04,,,
1100,THE FIRST CHARGE,4/11/04,,,
1099,LORD OF EDEN,4/9/04,,,
1098,THE LAMB OF NEW BEGINNINGS,4/4/04,,,
1097,A MIGHTY WIND : MIRACLES IN CENTRAL AMERICA,3/28/04,,,
1096,TWO NIGHTS IN SAN VINCENTE,3/26/04,,,
1095,JEHOVAH NISSI,3/7/04,,,
1094,OUT OF CONTROL,3/5/04,,,
1093,THE ASHAM,2/27/04,,,
1092,THE ANTI-BACKSLIDING KIT - II,2/22/04,,,
1091,COLORS OF THE PRIEST: THE PURPLE MYSTERY III,2/15/04,,,
1090,A NEW MIND,2/13/04,,,
1089,HARD LIKE FLINT,2/8/04,,,
1088,DON THE MANTLE,2/6/04,,,
1087,THE PAROXYSM,2/1/04,,,
1086,SUPER LAMBS,1/30/04,,,
1085,MOUNTING UP,1/25/04,,,
1084,UP ON THE ROOFTOP,1/23/04,,,
1083,THE MEGA PRIEST,1/18/04,,,
1082,THOUGH HE FALL,1/16/04,,,
1081,THE TEN MINDS,1/11/04,,,
1080,THE PRESENCE & THE POWER : WORD FOR 2004,1/4/04,,,
1079,THE SECRET OF NEW BEGINNINGS,1/2/04,,,
1078,END-TIME UPDATE 2003  (NEW YEAR'S EVE),12/31/03,,,
1077,THE ANTI CHRISTMAS,12/24/03,,,
1076,THE MACCABEE END-TIME STRATEGY,12/21/03,,,
1075,THE HANUKKAH END-TIME MYSTERY,12/19/03,,,
1074,THE IMPERISHABLE SEED : I PETER  I,12/14/03,,,
1073,THE SLUGGARD'S PLOUGH,12/12/03,,,
1072,BLUE TO RED: THE PURPLE MYSTERY II,12/7/03,,,
1071,THE UNYOKING,11/23/03,,,
1070,THE PRACTICE OF THANKS : THE THIRD PRACTICE,11/21/03,,,
1069,THE ANTI-BACKSLIDING KIT - I,11/16/03,,,
1068,THE SAMARITAN MIRACLE,11/9/03,,,
1067,THE BLACKBERG : THE TITANIC LESSONS III,11/2/03,,,
1066,ADVANCED SNAKEBUSTING : SNAKE BUSTERS VI,10/31/03,,,
1065,HOW TO DWELL IN HEAVEN... NOW !,10/12/03,,,
1064,WAY OF THE JOYFUL,10/10/03,,,
1063,THE PRIEST'S REDEMPTION,10/5/03,,,
1062,THE DAY OF THE CHERUBIM,10/3/03,,,
1061,THE BEACHHEAD,9/28/03,,,
1060,THE SHOFAR GENERATION,9/26/03,,,
1059,GROWING EMUNAH,9/14/03,,,
1058,SAVIOR OF THE WORLD : THE SHADOW MAN VI,9/12/03,,,
1057,THE PRACTICE OF PRAYER : THE SECOND PRACTICE,9/7/03,,,
1056,THE DAL : HEAVENLY STOCK OPTIONS,9/5/03,,,
1055,YOUR NAME IN HEAVEN,8/17/03,,,
1054,GRACE AND WILL,8/10/03,,,
1053,THE PRACTICE OF JOY : THE FIRST PRACTICE,8/3/03,,,
1052,THE FOUR POWERS,8/1/03,,,
1051,THE OTHER REALM,7/25/03,,,
1050,SHALOSH,7/20/03,,,
1049,THE SLEDGEHAMMER PRINCIPLE,7/13/03,,,
1048,THE  HOLY SPIRIT FINALS,7/11/03,,,
1047,THE HEART OF MINISTRY,6/29/03,,,
1046,THE NIGHT CREATURES: THE NIGHT CREATURES I,6/27/03,,,
1045,THE KALIL,6/20/03,,,
1044,THE INCREDIBLE SHRINKING MAN,6/15/03,,,
1043,PREPARING FOR THE SPIRIT,6/8/03,,,
1042,OLD TESTAMENT PENTECOST,6/6/03,,,
1041,TAMIM,6/1/03,,,
1040,THE TRUE WITNESS,5/23/03,,,
1039,MORE THAN A MOTHER,5/11/03,,,
1038,THE MYSTERY KING: THE SHADOW MAN V,5/9/03,,,
1037,JERUSALEM MIRACLE,5/4/03,,,
1034,THE EASTER BUNNY & THE PASSOVER LAMB: PESACH & EOSTRA,4/20/03,,,
1033,THE PIDYON MYSTERY,4/18/03,,,
1032,DAY OF THE LION,4/13/03,,,
1031,THE HEBREW MYSTERY,4/11/03,,,
1030,DAVID'S SUKKAH,3/30/03,,,
1029,RED TO BLUE: THE PURPLE MYSTERY i,3/28/03,,,
1028,THE DIVINE INVERSION,3/16/03,,,
1027,THE AMALEK MYSTERY,3/14/03,,,
1026,THE SHABBAT PARADOX,3/9/03,,,
1025,THE YHVH SECRET,3/7/03,,,
1024,THE GREAT CIRCUMCISION DEBATE,2/23/03,,,
1023,THE DISCIPLE'S AKHAREET,2/21/03,,,
1022,MY BELOVED IS AN APPLE TREE,2/14/03,,,
1021,WATCHMEN ON THE BRIDGE: THE TITANIC LESSONS II ,2/7/03,,,
1020,YOU'RE IN THE ARMY NOW,2/7/03,,,
1019,THE SAMARITAN'S CHOICE,2/2/03,,,
1018,MISSION ACCOMPLISHED,1/26/03,,,
1017,THE FINISHERS,1/24/03,,,
1016,INHERIT THE LAND,1/17/03,,,
1015,RESOLUTION: 2003,1/12/03,,,
1014,MASTER OF DREAMS: THE SHADOW MAN IV,1/10/03,,,
1013,REST IN THE LORD,1/5/03,,,
1012,2002,12/31/02,,,
1011,ROYAL,12/24/02,,,
1010,THE GOEL REDEMPTION,12/22/02,,,
1009,WAR OF THE MANGER,12/20/02,,,
1008,CLOSER THAN A BROTHER,12/13/02,,,
1007,THE COLLABORATORS (AIDING THE ENEMY),12/8/02,,,
1006,THE AGE OF DESECRATION,12/6/02,,,
1005,JEHOVAH OF NAZARETH,12/1/02,,,
1004,OUT OF CHALDEA,11/29/02,,,
1003,LIGHT TO THE NATIONS,11/24/02,,,
1002,LORD OF THE DUNGEON: THE SHADOW MAN III,11/15/02,,,
1001,COMMIT YOUR WAY,11/10/02,,,
1000,THE RIVER OF PARADISE,11/3/02,,,
999,SNAKE BUSTERS: SNAKE BUSTERS V,10/25/02,,,
998,THE SWORD OF GIDEON,10/20/02,,,
997,THE STORM BROTHER,10/18/02,,,
996,HOW TO PASS THE TEST,10/6/02,,,
995,LIGHTS OF THE END TIMES,9/22/02,,,
994,FINDING YOUR DESTINY,9/20/02,,,
993,AT-ONE-MENT,9/15/02,,,
992,BAN THE GOAT,9/13/02,,,
991,THE WATCHMEN OF AUTUMN,9/8/02,,,
990,SIGNS,9/6/02,,,
989,ST. JUPITER,8/18/02,,,
988,THE DANCE OF THE HONEYBEE,8/16/02,,,
987,THE SERPENTINE STRATEGIES: SNAKE BUSTERS IV,8/11/02,,,
986,INSIDE THE TOWER,8/9/02,,,
985,DELIGHT YOURSELF IN THE LORD,8/4/02,,,
984,THE SECRET OF ISLAM: THE ISHMAEL MYSTERY II,8/2/02,,,
983,THE PRINCE OF TEARS: THE SHADOW MAN II,7/21/02,,,
982,THE FLOATING PALACE:THE TITANIC LESSONS I ,7/19/02,,,
981,THE CITY ON THE HILL ,7/7/02,,,
980,THE FRUITFUL BOUGH,7/5/02,,,
979,AMAZED IN CYPRUS,6/23/02,,,
978,SHAMAYIM: THE MYSTERY OF HEAVEN,6/21/02,,,
977,YOUR FATHER'S BLESSING,6/16/02,,,
976,SPIRIT RULERS,6/7/02,,,
975,SAILING AWAY,6/2/02,,,
974,DWELL ,5/31/02,,,
973,REVOLUTIONARY,5/24/02,,,
972,WELCOMING THE SPIRIT,5/19/02,,,
971,BLOWING IN THE WIND: THE POWER OF THE WIND,5/17/02,,,
970,THE WAY OF THE GREAT (LESSONS FROM OUR MOTHER),5/12/02,,,
969,THE BEAST OF A THOUSAND FACES (One Tape Version),5/10/02,,,
967,THE BEAST OF A THOUSAND FACES - (FULL VERSION),5/10/02,,,
966,THE HEAVENLY CALLING,5/5/02,,,
965,THE WEIGHTS OF THE BAG,5/3/02,,,
964,ANGELS AND OUTLAWS,4/28/02,,,
963,THE HONEYCOMB,4/14/02,,,
962,THE GENESIS GENE,4/12/02,,,
961,THE GUMBY PRINCIPLE,4/7/02,,,
960,PASSOVER SEDER 2002: PART II,4/5/02,,,
959,PASSOVER SEDER 2002: PART I,4/5/02,,,
958,YOM RISHON: THE BEGINNING OF DAYS,3/31/02,,,
957,THE VOW: THE SACRIFICE MYSTERIES I,3/29/02,,,
956,THE JERUSALEM MESS,3/24/02,,,
955,FRET BUSTING,3/10/02,,,
954,STRAIGHT UP,3/8/02,,,
953,THE PRIEST'S SEPARATION,3/3/02,,,
952,THE SNAKE BITE KIT: SNAKE BUSTERS III,3/1/02,,,
951,UPSIDE DOWN DAY,2/24/02,,,
950,THE BYSTANDER,2/22/02,,,
949,TWENTY ONE MISSIONS,2/10/02,,,
948,ISHMAEL'S SECRET: THE ISHMAEL MYSTERY I,2/8/02,,,
947,COOL UNDER FIRE,2/3/02,,,
946,BREAKING THE CURSE ,1/27/02,,,
945,YOUR ACHILLES HEEL ,1/25/02,,,
944,BLESSING NAOMI ,1/20/02,,,
943,THE RAINBOW PRINCE: THE SHADOW MAN I,1/18/02,,,
942,THE NIGERIAN MIRACLE,1/4/02,,,
941,A YEAR TO REMEMBER ,12/31/01,,,
940,POWER OF THE GIFT ,12/24/01,,,
939,MESSIAH BREAD ,12/23/01,,,
938,DAYS OF ETERNITY ,12/21/01,,,
937,THE GOD OF A THOUSAND FACES ,12/9/01,,,
936,ZEUS & JEHOVAH ,12/7/01,,,
935,THE COSMIC TESTER ,12/2/01,,,
934,THE GOSPEL OF THE HONEYBEE ,11/30/01,,,
933,AVODAH ,11/25/01,,,
932,FAT ON THE BONES ,11/23/01,,,
931,THE MYSTERY OF THE YORUBA KING ,11/18/01,,,
930,SATAN OFF THE WALL ,10/28/01,,,
929,SATAN ON THE WALL ,10/26/01,,,
928,RAGING FAITH ,10/21/01,,,
927,THE SIGN ,10/14/01,,,
926,THE HEAVENLY LIFE ,9/30/01,,,
925,UNSHAKABLE ,9/28/01,,,
924,VOICE OF THE WATCHMEN ,9/23/01,,,
923,SOUND OF THE WATCHMEN,9/21/01,,,
922,SEPTEMBER 11th,2001,9/16/01,,
921,THE TOWER & THE TRUMPET ,9/14/01,,,
920,THE HAFTORAH: THE PARASHA MYSTERY II ,9/7/01,,,
919,THE LIFE OF EXTRA ,8/19/01,,,
918,HOW TO BECOME A BIBLICAL CHARACTER ,8/17/01,,,
917,THE INVISIBLE SCRIPTURES ,7/27/01,,,
916,LET IT ROLL ,7/22/01,,,
915,THE ANGELIC TAPEWORM ,7/15/01,,,
914,THE FORKED TONGUE: SNAKE BUSTERS II ,7/13/01,,,
913,THE GREAT FAITH - WORKS DEBATE ,7/1/01,,,
912,COOL - UNCOOL ,6/24/01,,,
911,LEAVING GRAVITY ,6/22/01,,,
910,THE UPWARD CALL ,6/17/01,,,
909,THE MISSION PEOPLE ,6/15/01,,,
908,THE SEVENTH SEVEN: THE FORBIDDEN PROPHECY III ,6/8/01,,,
907,THE NIGHT OF EZEKIEL ,6/1/01,,,
906,THE REVOLUTIONARY HANDBOOK ,5/27/01,,,
905,WHEN HE IS COME I ,5/25/01,,,
904,THE LADY FROM HAVANA ,5/13/01,,,
903,THE CHRYSALIS ,5/6/01,,,
902,RECEIVING THE ORACLES,5/4/01,,,
901,THE GREAT BLUFF ,4/27/01,,,
900,YHVH ,4/20/01,,,
899,THE BODY ,4/15/01,,,
898,IN HIS DEATHS ,4/13/01,,,
897,THE LAMB HOME ,4/8/01,,,
896,PASSOVER 2001 - PART II ,4/6/01,,,
895,PASSOVER 2001 - PART I ,4/6/01,,,
894,THE BAKHAR JOY SECRETS ,4/1/01,,,
893,THE VEGETABLE DISH PRINCIPLE ,3/30/01,,,
892,THE MIRACLE ON THE DOORSTEP ,3/25/01,,,
891,ALL THINGS ,3/11/01,,,
890,THE PURIM CODE ,3/9/01,,,
889,A SPECIAL TRIBUTE TO RICHARD WURMBRAND ,3/2/01,,,
888,EXTRA! ,2/25/01,,,
887,PRISONER NUMBER ONE AND THE MYSTERY OF LOVE ,2/18/01,,,
886,ANGELIC PRISON BREAK SECRETS ,2/16/01,,,
885,HE & YOU ,2/11/01,,,
884,GRADUATION II ,2/4/01,,,
883,GRADUATION I ,2/2/01,,,
882,THE AKKO PRINCIPLE ,1/26/01,,,
881,THE WIDE OPEN DOOR: ENLARGE THY TENT II ,1/14/01,,,
880,THE TENT VISION: ENLARGE THY TENT I ,1/12/01,,,
879,2001,12/31/00,,,
878,LIGHT OF THE GENTILES, ISRAEL'S GLORY ,12/24/00,,
877,POSSESS THE MIRACLE ,12/24/00,,,
876,GOD IN OUR SANDALS ,12/22/00,,,
875,KALI, BUDDHA, AND MARX ,12/17/00,
874,THE TEMPLE OF KALI ,12/15/00,,,
873,DOWN THE MOUNTAIN ,11/19/00,,,
872,THE SHABBAT SECRETS ,11/17/00,,,
871,MANNA ,11/5/00,,,
870,MEGA SOWING ,11/3/00,,,
868,THE WATER POURING ,10/20/00,,,
867,THE TABERNACLE SPECIAL ,10/15/00,,,
866,THE MYSTERY OF THE LOST TRIBES ,10/13/00,,,
865,THE JUBILEE MINISTER ,10/8/00,,,
864,THE JOEL PRINCIPLE ,10/6/00,,,
863,THE SHOFAR & THE SHOWER ,10/1/00,,,
862,THE MYSTERY OF ELUL ,9/29/00,,,
861,IN COLD BLOOD: SNAKE BUSTERS I ,9/24/00,,,
860,KING MESSIAH: THE RABBINIC MYSTERIES VI ,9/22/00,,,
859,THE HIGH GROUND ,9/17/00,,,
858,RISE UP ,9/8/00,,,
857,FORTY MILLION HEARTBEATS ,8/20/00,,,
856,SABINA ,8/18/00,,,
855,THE JERICHO PRINCIPLE! ,8/14/00,,,
854,THE NEW COVENANT JOY SECRETS ,8/6/00,,,
853,MR. & MRS. HEAVEN ,8/4/00,,,
852,THINGS I LEARNED IN MINISTRY II ,7/23/00,,,
851,THE PRINCE & THE FLOWERPOT ,7/21/00,,,
850,THE MYSTERY OF THE MALKOSH ,7/4/00,,,
849,THE ANTIOCH MIRACLE ,7/14/00,,,
848,THE ASHER SECRET ,7/2/00,,,
847,HEROES ,6/18/00,,,
846,THE MYSTERY OF THE KEDEM ,6/16/00,,,
845,A REAPER'S GUIDE ,6/11/00,,,
844,LIFEGUARD! LIFEGUARD! ,6/9/00,,,
843,SHIELD TO SHIELD ,6/4/00,,,
842,LORD OF THE HARVEST ,5/28/00,,,
841,THE ANGELIC PRISON BREAK ,5/21/00,,,
840,GULGALTAH: THE COSMIC SKULL: THE RABBINIC MYSTERIES V,5/19/00,,,
839,THE TEST OF THE BELOVED ,5/14/00,,,
838,THE HEBREW BLESSEDS ,5/12/00,,,
837,THE PRE-EMPTOR ,5/5/00,,,
836,PASSOVER SEDER 2000: PART II ,4/28/00,,,
835,PASSOVER SEDER 2000: PART I ,4/28/00,,,
834,THE JERUSALEM EVIDENCE ,4/23/00,,,
833,THE PASSOVER PRINCIPLE ,4/21/00,,,
832,NISAN ,4/16/00,,,
831,THE RISING OF THE LEPER KING: THE RABBINIC MYSTERIES IV,4/14/00,,,
830,THE SHOFAR & THE TORCH: THE GIDEON GUIDE TO VICTORY II,4/9/00,,,
829,THE VALIANT ONE: THE GIDEON GUIDE TO VICTORY I ,4/7/00,,,
828,THE BLIND RABBI ,4/2/00,,,
827,YOUR SECRET DESTINY,3/19/00,,,
826,THE AGAG SECRET ,3/17/00,,,
825,THE TEST ,3/12/00,,,
824,HIGHER GROUND ,3/5/00,,,
823,THE LION'S ROAR ,2/20/00,,,
822,THE HOUSE OF MATTHEW ,2/18/00,,,
821,THE DAWN, THE MOON, & THE SUN ,2/13/00,
820,JUMPING JEHOSHAPHAT IN CALCUTTA ,2/11/00,,,
819,THE RADICAL LOVE ,2/4/00,,,
818,THE JEHOSHAPHAT GUIDE TO VICTORY II ,1/30/00,,,
817,THE JEHOSHAPHAT GUIDE TO VICTORY I ,1/28/00,,,
816,THE PRIME IDENTITY ,1/16/00,,,
815,THE BRAHMANS' DREAM: LOTUS SERIES PART IV ,1/14/00,,,
814,THE DRAGON'S MOUTH ,1/7/99,,,
813,The End of Days,12/31/99,,,
812,THE IMMANUEL SOLUTION ,12/26/99,,,
811,I AM WITH YOU ,12/24/99,,,
810,A NIGHT AT SAN HERMON ,12/19/99,,,
809,HEAVENLY SUBVERSIVES ,12/17/99,,,
808,THE DIVINE LET ,12/12/99,,,
807,THE END-TIME MENORAH,12/5/99,,,
806,THE CHANUKAH END-TIME REVELATION ,12/3/99,,,
805,FIRE ON THE MOUNTAIN - MESSIAH '99 ,7/7/99,,,
804,THE LEPER KING: THE RABBINIC MYSTERIES III ,11/19/99,,,
803,NEW WINE SPILLING ,11/14/99,,,
802,THE DIVINE HUNT ,11/12/99,,,
801,THE MOUNTAIN ,10/31/99,,,
800,SMASH THE GODS ,10/29/99,,,
799,THE GREAT PHYSICIAN ,10/24/99,,,
798,THE REVOLUTION ,10/22/99,,,
797,THE MESSIAH PARTISANS ,10/17/99,,,
796,THE SIDRA: THE PARASHA MYSTERY I ,10/15/99,,,
795,THE LIGHTHOUSE ,10/8/99,,,
794,THE HOME FRONT ,10/3/99,,,
793,THE HOLY DAY FINALE ,9/26/99,,,
792,THE MYSTERY REAPERS ,9/24/99,,,
791,THE 2.29 NIGHT VISION II,9/19/99,,,
790,THE 2.29 NIGHT VISION I,9/17/99,,,
789,THE END-TIME SHOFAR MYSTERY DAYS II ,9/12/99,,,
788,THE END-TIME SHOFAR MYSTERY DAYS I ,9/10/99,,,
787,VESSELS OF HONOR ,9/3/99,,,
786,WHO WAS I? ,7/15/99,,,
785,WHAT'S THE MATTER WITH YOU ,8/8/99,,,
784,THE MILLENIUM BUG ,8/6/99,,,
783,CHILDREN OF THE HUPPAH ,8/1/99,,,
782,MESSIAH 101 ,7/23/99,,,
781,THE MYSTERY OF THE CALAH (THE BRIDE) ,7/18/99,,,
780,THE FELIX GRECK END-TIME MYSTERY ,7/16/99,,,
779,NINETY MILES AWAY ,7/4/99,,,
778,THE MAGI MYSTERY ,7/2/99,,,
777,THE SHAVUOT MYSTERY ,5/23/99,,,
776,THE PASSOVER -SHAVUOT RESURRECTION POWER ,5/21/99,,,
775,THE ROOF, THE COT, & THE MIRACLE ,5/16/99,
774,UNTIL MASHIACH: THE FORBIDDEN PROPHECY II ,5/14/99,,,
773,THE KHATAN (THE BRIDEGROOM) ,5/9/99,,,
772,PUMPING SPIRITUAL IRON ,5/7/99,,,
771,THE MIRACLE OF CAESAREA ,5/2/99,,,
770,THE FLICKERING BLUE GOD,4/30/99,,,
769,ARISE & SHINE: SOUNDS FROM THE NIGHT (LIVE FROM MADRAS, INDIA),1/24/99,,
768,MESSAGE ON THE MOUNT (JONATHAN ON MOUNT ST. THOMAS -  INDIA),1/23/99,,,
767,THE MOUNTAIN CRUMBLES ,4/18/99,,,
766,THE RISING GOD ON TRIAL: PART II (RECORDED LIVE AT,4/23/99,,,
765,THE RISING GOD ON TRIAL: PART I (RECORDED LIVE AT BETH YESHUA< PHILA.., PA),4/23/99,,
764,CRAZY IN GEDARA ,4/11/99,,,
762,PASSOVER SEDER:(THE LAMB & THE MANNA) ,4/9/99,,,
761,THE SUNDAY MORNING DAWN ,4/4/99,,,
760,THE PESACH MYSTERY ,4/2/99,,,
759,BARUCH HA BA (BLESSED IS HE WHO COMES) ,3/28/99,,,
758,WHAT GOD HAS CLEANSED ,3/21/99,,,
756,THE SURPRISE ENDING ,3/7/99,,,
755,OUT OF THE CLOSET ,3/5/99,,,
754,THE OTHER SABBATH ,2/28/99,,,
753,THE EYES OF GOD ,2/26/99,,,
752,TO BECOME A SAINT ,2/21/99,,,
751,THE FACE OF MESSIAH ,2/19/99,,,
750,ANI LO (I AM HIS) ,2/14/99,,,
749,SHE LIKE THE MOON ,2/7/99,,,
748,RETURN TO MOUNT ST. THOMAS ,2/7/99,,,
747,FIRE ON THE MOUNTAIN ,2/5/99,,,
746,THE PORK CHOP PEOPLE ,1/10/99,,,
745,THE SCEPTER OF JUDAH: THE RABBINIC MYSTERIES II ,1/8/99,,,
744,1998,12/31/98,,,
743,THE EVERYWHERE TOWN ,12/27/97,,,
742,THE X HOLIDAY ,12/25/98,,,
741,THE BETHLEHEM GIFT ,12/24/98,,,
740,TO LIGHT THE FIRE ,12/20/98,,,
739,ZEUS ON MORIAH ,12/18/98,,,
738,THE GRAPE FACTOR ,12/13/98,,,
737,THE MISHKAN KIT II ,12/6/98,,,
736,ONE HAND CLAPPING: LOTUS SERIES PART III ,12/4/98,,,
735,HEAVENLY PORK CHOPS ,11/29/98,,,
734,THE NEVER-ENDING BANQUET ,11/27/98,,,
733,MISSION WORLD ,11/20/98,,,
732,MORE ON THE OTHER GOD ,11/15/98,,,
731,THE DAYS OF MESSIAH: THE RABBINIC MYSTERIES PART I,11/13/98,,,
730,THE PHARISEE & THE PROSTITUTE ,11/8/98,,,
729,THE MISHKAN KIT I ,11/6/98,,,
728,GREATER THAN MOSHE ,11/1/98,,,
727,LITTLE MONSTERS: THE SEQUEL ,10/30/98,,,
726,THE RABBI AND THE BONES: THE FORBIDDEN PROPHECY I ,10/16/98,,,
725,THE FEAST OF CAMPING ,10/11/98,,,
724,HEAVEN & EARTH AS ONE ,10/9/98,,,
723,THE LAST JUBILEE ,10/9/98,,,
722,JUBILEE! ,10/2/98,,,
721,THE CRISIS: PART II ,9/27/98,,,
720,THE CRISIS: PART I ,9/25/98,,,
719,GOD OUR BROTHER ,9/20/98,,,
718,SURPRISE! I CORINTHIANS 13 ,9/18/98,,,
717,THE PRIME DIRECTIVE ,9/11/98,,,
716,TODAY IF YOU HEAR ,8/23/98,,,
715,YOUR FALLOW GROUND ,8/21/98,,,
714,THE BRIDE & GROOM REVISITED ,8/16/98,,,
713,SECRETS OF THE QUIET ,8/14/98,,,
712,A HOUSE BY THE SEA ,8/9/98,,,
711,KISSING HIS FEET ,8/2/98,,,
710,THE OTHER GOD ,7/31/98,,,
709,THE EVERYTHING BUILDER ,7/26/98,,,
708,THE FOOTSTOOL WORLD ,7/24/98,,,
707,A DISCIPLE NAMED GAZELLE ,7/19/98,,,
706,BEFORE THE SUN SETS ,7/5/98,,,
705,THE SAMSARA: LOTUS SERIES PART II ,7/3/98,,,
704,LIKE A BROTHER ,6/28/98,,,
703,THE QUIET HEART ,6/21/98,,,
702,HOT AIR ,6/19/98,,,
701,YERUSHALYIM: THE MYSTERY ,6/7/98,,,
700,SEASONS OF THE HARVEST ,5/31/98,,,
699,THE DREAM HARVEST ,5/29/98,,,
698,THE DREAM NATION ,5/27/98,,,
697,THE MASADA MYSTERY ,5/15/98,,,
696,THE HEART OF PEACE ,5/10/98,,,
695,THE JESUS BOAT ,5/8/98,,,
694,THE DAVID FACTOR: THE BELOVED ,5/3/98,,,
693,THE DAVID FACTOR: THE SHEPHERD KING ,5/1/98,,,
692,THE ANTI-MISSIONARY ,4/26/98,,,
691,THE SIX HAPPINESS FACTORS ,4/24/98,,,
690,THE PRESS OF THE NEW ,4/19/98,,,
689,PASSOVER '98: PARTS I & II,4/17/98,,,
688,THE RESURRECTION FACTOR ,4/17/98,,,
687,THE SABBATH ENTRANCE ,4/10/98,,,
686,MESSIAH AND JERUSALEM ,4/5/98,,,
685,THE ROCK HOUSE ,4/3/98,,,
684,THE OTHER CITIES ,3/29/98,,,
683,THE OX IN THE STALL PRINCIPLE ,3/27/98,,,
682,IT IS SAID SOMEWHERE ,3/22/98,,,
681,MINDING YOUR BUSINESS ,3/15/98,,,
680,MORDECAI IN SACKCLOTH ,3/13/98,,,
679,THINGS I LEARNED IN MINISTRY ,3/6/98,,,
678,THE WITNESSES OF JEHOVAH ,2/27/98,,,
677,HEIRS OF HEAVEN ,2/22/98,,,
676,THE RADICAL CALL ,2/20/98,,,
675,SHE LIKE THE DAWN ,2/15/98,,,
674,DODI-LI ,2/13/98,,,
673,THE PYRRHIC VICTORIES ,2/8/98,,,
672,THE COSMIC CENTURION ,2/6/98,,,
671,MESSIAH IN THE SYNAGOGUE ,2/1/98,,,
670,THE PASSION ,1/18/98,,,
669,THE MOTHER-IN-LAW PRINCIPLE ,1/16/98,,,
668,THE TENTS OF ABRAHAM ,1/9/98,,,
667,I KNOW THE PLANS ,12/31/97,,,
666,THE JOY OF THE SHAMMASH ,12/28/97,,,
665,THE RESISTANCE ,12/26/97,,,
664,THE GREAT SENTENCE ,12/24/97,,,
663,2,000 YEARS AGO ,12/21/97,,
662,IF MESSIAH HAD NEVER BEEN BORN: THE IMAGE OF GOD I,12/19/97,,,
661,THE PRIVATE AND THE GENERAL ,12/14/97,,,
660,THE ROOT OF THE LOTUS: LOTUS SERIES PART I,12/12/97,,,
659,INTO THE DEEP ,12/7/97,,,
658,THE CALL OF THE KOHANIM ,11/23/97,,,
657,THE GRAND RABBI ,11/21/97,,,
656,"THE ""OUT THE WINDOW"" PRINCIPLE ",11/16/97,,,
655,IF YOU ARE WILLING: MESSIAH & THE LEPER ,11/14/97,,,
654,MESSIAH IN THE PULPIT ,11/9/97,,,
653,A GUIDE TO THE BARUCHAS ,11/7/97,,,
652,LITTLE MONSTERS ,10/31/97,,,
651,THE GOSPEL OF THE SALMON ,10/24/97,,,
650,ABOVE ,10/19/97,,,
649,THE OTHER PARADISE ,10/19/97,,,
648,A BANQUET FOR SAVAGES ,10/17/97,,,
647,THE GENES OF THE KOHANIM ,10/12/97,,,
646,THE POWER OF BEING WRONG ,10/10/97,,,
645,BREAKING THE DIVIDING WALL ,10/3/97,,,
644,HINENI ,9/28/97,,,
643,THE COSMIC RABBI ,9/26/97,,,
642,THE WORLD BEHIND ME ,9/21/97,,,
641,WE HIS BODY ,9/19/97,,,
640,BETTER THAN ANGELS ,9/14/97,,,
639,BANANAS, PINEAPPLES, AND NUTS ,9/12/97,
638,BEGGARS, PRINCES, & FAIRY TALES ,9/5/97,
637,THE RADIANCE OF HIS GLORY ,8/17/97,,,
636,THE REICH AND THE KINGDOM ,8/15/97,,,
635,A STREET CALLED STRAIGHT ,8/10/97,,,
634,THE UNENDED ,8/8/97,,,
633,LOSING THE MESSIAH ,8/3/97,,,
632,THE FORK IN THE ROAD ,8/1/97,,,
631,BEAUTIFUL WOMEN ,7/20/97,,,
630,THE KINGDOM OF BROKEN CROSSES ,7/18/97,,,
629,LATTER DAYS AND SUNDRY TIMES ,7/13/97,,,
628,HOW TO RUIN A FUNERAL ,7/11/97,,,
627,THE ROAD TO DAMASCUS ,7/6/97,,,
626,GOOD AND GOOD FOR YOU ,6/27/97,,,
625,THE LADY IN THE TEMPLE ,6/22/97,,,
623,RUACH ,6/13/97,,,
622,A GUIDE FOR THE PILGRIM,6/8/97,,,
621,THE MANTLE ,6/6/97,,,
620,THE WAY OF IMMORTALITY ,5/30/97,,,
619,THE EUNUCH OF ETHIOPIA ,5/25/97,,,
618,THE JOURNEY TO PETRA ,5/23/97,,,
617,WOLVES IN SHEEP'S CLOTHING ,5/16/97,,,
616,MAGDALENE ,5/11/97,,,
615,ALL THE COMMANDMENTS NOT IN THE BIBLE ,5/9/97,,,
614,THE INCENSE AND THE GLORY ,5/3/97,,,
613,THE BIKOREEM ,4/27/97,,,
612,PASSOVER '97 PART II ,4/25/97,,,
611,PASSOVER '97 PART I ,4/25/97,,,
610,THE BOOK OF HEBREWS ,4/13/97,,,
609,MOSES IS DEAD ,4/11/97,,,
608,THE BUTTERFLY'S CHILD,4/6/97,,,
607,HEAVENLY ANT LESSONS ,4/4/97,,,
606,THE DIVINE GOOD MORNING ,3/30/97,,,
605,THE DIVINE GOOD NIGHT ,3/28/97,,,
604,THE DONKEY AND THE CLOUDS ,3/23/97,,,
603,APPROACHING AHASUERUS ,3/21/97,,,
602,THE PURIM ,3/16/97,,,
601,THE BALANCE OF BALANCE: BALANCE, FOCUS, & SACRED COWS V,3/7/97,
600,A HEART OF MIRACLES ,3/2/97,,,
599,THAT'S THE SPIRIT: BALANCE, FOCUS, & SACRED COWS IV,2/28/97,
598,THE OLD MAN IN THE TEMPLE ,2/23/97,,,
597,LIES OF THE PROPHETS ,2/21/97,,,
596,THE MAGICIAN OF SAMARIA ,2/16/97,,,
595,THE MYSTERY OF THE DIVINE LOVES ,2/14/97,,,
594,THE LION'S TRAIL ,2/9/97,,,
593,THE WAY OF THE FOOL ,2/7/97,,,
592,THE LEMONADE PRINCIPLE ,2/2/97,,,
591,A LAUGHING MATTER: BALANCE, FOCUS, & SACRED COWS III,1/31/97,
590,GENTLE MEN ,1/19/97,,,
589,THE SAMSON FACTOR ,1/17/97,,,
588,PROPHETS OF LIES ,1/10/97,,,
587,WAITING FOR HEAVEN ,1/3/97,,,
586,ALWAYS ,12/31/96,,,
585,THE SHEPHERD'S MIRACLE ,12/29/96,,,
584,NO ROOM AT THE INN ,12/24/96,,,
583,THE ROYAL HEIRS ,12/22/96,,,
582,THE SECRET KING,12/20/96,,,
581,KEEPERS OF THE LIGHT ,12/8/96,,,
580,RISKY BUSINESS ,12/6/96,,,
579,THE EMPEROR, THE TAX, & THE MIRACLE ,12/1/96,
578,THE X FACTOR,11/29/96,,,
577,TESTIMONIES FROM ISRAEL,11/24/96,,,
576,ISRAEL PILGRIMAGE 1996 ,11/22/96,,,
575,BAGGAGE,11/3/96,,,
574,IT'S ABOUT TIME ,11/1/96,,,
573,SHEPHERD OF SOULS,10/27/96,,,
572,THE ROOT OF THE RIGHTEOUS ,10/25/96,,,
571,THE GARMENT AND THE GLORY,10/20/96,,,
570,THEY'RE ALL AGAINST ME: BALANCE, FOCUS, & SACRED COWS II,10/18/96,
569,THE GREAT ANTI-SIN DEVICE ,10/11/96,,,
568,THE WALKING BARUCHA ,10/6/96,,,
567,THE BARUCHA SOUL ,10/4/96,,,
566,HEAVEN THROUGH THE BRANCHES ,9/29/96,,,
565,THE LAST JOY ,9/27/96,,,
564,THE HOLY PROVOKERS ,9/22/96,,,
563,TASHLICH ,9/20/96,,,
562,THE ZACCHAEUS PRINCIPLE ,9/15/96,,,
561,THE OLAH ,9/13/96,,,
560,THE ROYAL LAW ,9/6/96,,,
559,THE DAYSPRING ,8/18/96,,,
558,THE GOD OF SURPRISES ,8/16/96,,,
557,THE STONES AND THE GLORY ,8/11/96,,,
556,THE PIG'S JEWELRY ,8/9/96,,,
555,SHOW-EM,8/4/96,,,
554,ASK, SEEK, & KNOCK ,8/2/96,
553,THE SONG OF ZECHARIAH ,7/21/96,,,
552,GOOD TO YOUR OWN SOUL ,7/19/96,,,
551,"THE MYSTERY OF THE GOREN - (MESSIAH CONFERENCE ""96"")",7/1/96,,,
550,THE THIRD WAY ,7/14/96,,,
549,NONE OF YOUR BUSINESS ,7/12/96,,,
548,THE HUPPOGRAMMUS ,7/7/96,,,
547,THE ABRAHAM DEFENSE ,6/23/96,,,
546,AS YOU GO (A GUIDE FOR THE GREAT COMMISSION) ,6/21/96,,,
545,THE MYSTERY OF THE SECRET ANGELS ,7/5/96,,,
544,THE BEN ,6/16/96,,,
543,FALLING FOR ANYTHING: BALANCE, FOCUS, & SACRED COWS I,6/14/96,
542,THE LILIES OF THE FIELD ,6/7/96,,,
541,THE CHILDREN OF LEAH ,5/31/96,,,
540,THE JOY OF THE HARVEST ,5/26/96,,,
539,THE POWER OF BEING ONE,5/25/96,,,
538,THEREFORE, GO ,5/24/96,,
537,WHY WORRY ,5/17/96,,,
536,SONG OF MIRYAM ,5/12/96,,,
535,GO TO THE ANT ,5/10/96,,,
534,THE ROYAL PRIESTHOOD ,5/5/96,,,
533,THE BOOK OF THE UNMENTIONED GOD ,5/3/96,,,
532,THE FACE OF AN ANGEL ,4/28/96,,,
531,WATER FROM YOUR OWN CISTERN ,4/26/96,,,
530,AS NEWBORN BABES ,4/19/96,,,
529,THE FEAST OF REMEMBRANCE (PASSOVER SEDER) ,4/12/96,,,
528,THE RISING GOD ,4/7/96,,,
527,THE PRICE ,4/5/96,,,
526,A HOLY COMMOTION ,3/31/96,,,
525,HUH? ,3/29/96,,,
524,TRUST IN THE LORD ,3/22/96,,,
523,BEHOLD THE MAIDEN ,3/13/96,,,
522,DROWNING OUT HAMAN ,3/10/96,,,
521,THE DAYS OF BEAUTIFICATION ,3/8/96,,,
520,THE MAGNIFICENT SEVEN ,3/3/96,,,
519,THE UNTOUCHABLES ,3/1/96,,,
518,GIRD YOUR MIND FOR ACTION ,2/18/96,,,
517,THE LAMP OF THE SOUL,2/9/96,,,
516,THE ANGEL AND THE VIRGIN ,2/4/96,,,
515,EVEN ANGELS LONG TO LOOK ,2/2/96,,,
514,GAMALIEL'S PROPHECY ,1/28/96,,,
513,FAST FOOD CHRISTIANITY ,1/26/96,,,
512,THE PROPHETS SEARCHED INTENTLY ,1/21/96,,,
511,TREASURES IN HEAVEN ,1/19/95,,,
510,YOU DON'T SEE HIM ,1/7/96,,,
509,THE FIRST STEP ,1/5/96,,,
508,THE DANCE OF THE HEAVENLY CIRCLES ,12/31/95,,,
507,IN THE FULLNESS OF TIME (DON'T CONFUSE WITH TAPE #213),12/24/95,,,
506,GOD WITH US ,12/24/95,,,
505,THIS LITTLE LIGHT ,12/22/95,,,
504,ETERNITY IN THEIR HEARTS ,12/15/95,,,
503,ROUND TWO (BOOK OF ACTS) ,12/10/95,,,
502,MERCY AND TRUTH ,12/8/95,,,
501,THE DUMB PRIEST ,12/3/95,,,
500,THE BEGINNING OF WISDOM ,12/1/95,,,
499,A LIVING HOPE ,11/19/95,,,
498,THE ANGEL IN THE WILDERNESS ,11/12/95,,,
497,THE BETHLEHEM ALLEGORY,11/10/95,,,
496,THE GIFT OF BARNABAS ,11/5/95,,,
495,OUR DAILY BREAD ,11/3/95,,,
494,THE GREAT STONE FACE ,10/27/95,,,
493,ALIENS ON PLANET EARTH ,10/22/95,,,
492,THE DIVINE PLURALITIES: THE HEBREW MYSTERIES PART IV,10/20/95,,,
491,THE JOY COMMAND ,10/15/95,,,
490,HEAVENLY NOSTALGIA ,10/13/95,,,
489,YOM KIPPUR AND THE END TIMES ,10/6/95,,,
488,END TIME LOVE (PART II) ,9/29/95,,,
487,PREPARE YE THE WAY ,9/24/95,,,
486,END TIME LOVE (PART I) ,9/22/95,,,
485,THE ANGEL AND THE PRIEST ,9/17/95,,,
484,THE MASHAL (THE PROVERBS) ,9/15/95,,,
483,THE TESTAMENT OF THE FISHERMAN ,9/10/95,,,
482,AS IT IS IN HEAVEN ,9/8/95,,,
481,KAYFAH: A MAN CALLED PETER II ,8/13/95,,,
480,KAYFAH: A MAN CALLED PETER I ,8/6/95,,,
479,AVINU (OUR FATHER) ,8/4/95,,,
478,"THE ""OH YEAH"" PRINCIPLE",7/23/95,,,
477,MOST EXCELLENT THEOPHILUS ,7/16/95,,,
476,UNLEARNING TO PRAY ,7/14/95,,,
475,AMBASSADOR IN CHAINS ,7/9/95,,,
474,THE MIDBAR ,6/30/95,,,
473,THE DIVINE HEBREW TIME TRAVEL: THE HEBREW MYSTERIES III,6/23/95,,,
472,THE PRODIGAL FATHER ,6/18/95,,,
471,BE YE IMPERFECT II ,6/16/95,,,
470,FIGHTING THE MIRACLE ,6/11/95,,,
469,THE TREES OF THE FIELD ,6/4/95,,,
468,RUTH AND BOAZ ,6/2/95,,,
467,SECRET ALMS AND CLOSETS,5/26/95,,,
466,PRAYER IN ALL THINGS ,5/21/95,,,
465,THE SACRED FRINGE,5/19/95,,,
464,RIVKAH ,5/14/95,,,
463,THE DIVINE NON-POSSESSIVE: THE HEBREW MYSTERIES II,5/12/95,,,
462,THE BELOVED PHYSICIAN ,5/7/95,,,
461,BE YE IMPERFECT I,5/5/95,,,
460,UNCOVERING HIS FEET ,4/28/95,,,
459,THE ARMOR OF GOD ,4/23/95,,,
458,PASSOVER SEDER,4/21/95,,,
457,SONG OF THE RESURRECTION ,4/16/95,,,
456,THE MESSIAH'S SABBATH ,4/14/95,,,
455,THE NISAN LAMB ,4/9/95,,,
454,A TOUR OF THE PROMISED LAND ,4/7/95,,,
453,THE POWER OF PERISHING ,3/17/95,,,
452,THE ARMOR OF THE HERO ,3/12/95,,,
451,THE WATERS OF ZION ,3/10/95,,,
450,THE WAY OF THE SERVANT ,3/5/95,,,
449,THE DIVINE SENTENCE: THE HEBREW MYSTERIES I ,3/3/95,,,
448,HEALED AND IN THE JUDGEMENT HALL ,2/26/95,,,
447,THE FIELDS OF THE REDEEMER ,3/24/95,,,
446,ON THE JOB ,2/19/95,,,
445,THE GOSPEL OF THE MOONS ,2/12/95,,,
444,THE PERFECT COMMANDMENT ,2/10/95,,,
443,THE COMMANDMENT WITH A BLESSING ,2/5/95,,,
442,BOAZ ,2/3/95,,,
441,THE TWO SHALL BE ONE ,1/29/95,,,
440,THE SUNRISE COMMANDMENT ,1/27/95,,,
439,CHILDREN OF THE PROPHETS ,1/22/95,,,
438,THE RICH MAN AND LAZARUS ,1/20/95,,,
437,COURAGE II ,1/13/95,,,
436,MAN TO WOMAN ,1/8/95,,,
435,THE WAY OF THE LAMB ,1/6/95,,,
434,COME AND SEE (MINI-MESSAGE),1/1/95,,,
433,THE SHANNAH ,12/31/94,,,
431,PELEH,12/25/94,,,
430,THE HOUSE OF BREAD ,12/24/94,,,
429,THE ENTRANCE TO LIFE,12/23/94,,,
428,A.D. ,12/16/94,,,
427,WOMAN TO MAN ,12/11/94,,,
426,WHEREVER YOU DWELL ,12/9/94,,,
425,THE CHANUKAH PSALM ,12/4/94,,,
424,COURAGE ,12/2/94,,,
423,MELODY IN YOUR HEART ,11/20/94,,,
422,FLOWING OUT ,11/18/94,,,
421,REDEEM THE TIME ,11/13/94,,,
420,LOVE, VOWS, AND FAITHFULNESS ,11/11/94,
419,THE FRUIT OF LIGHT ,11/6/94,,,
418,DO NOT ASK ME TO GO ,11/4/94,,,
417,NOW YOU ARE LIGHT ,10/23/94,,,
416,EARTH ANGELS ,10/21/94,,,
415,THE PRINCE OF LIFE ,10/16/94,,,
414,THE WORD ,10/14/94,,,
413,WALKING AROUND IN LOVE ,10/9/94,,,
412,THE RADICAL HEART,10/7/94,,,
411,THE PROPHET, THE WORM, AND THE ANSWER: BOOK OF JONAH I ,9/30/94,
410,UNDER THE HUPPAH ,9/25/94,,,
409,BIRKAT KHATANIM: THE BLESSING OF THE BRIDEGROOM ,9/23/94,,,
408,RACHAMIM: THE MYSTERY OF HIS MERCY ,9/18/94,,,
407,HINNUMAH: APPROACHING THE GROOM ,9/16/94,,,
406,STOP! ,9/11/94,,,
405,KHATUNAH: THE SOUND OF THE BRIDEGROOM ,9/9/94,,,
404,PRAYER ,8/26/94,,,
403,AS BELOVED CHILDREN ,8/21/94,,,
402,ISLAM AND THE MESSIAH ,8/19/94,,,
401,AS GOD HAS FORGIVEN ,8/14/94,,,
400,JONAH'S RAGE: BOOK OF JONAH II,8/12/94,,,
399,NOT A ROTTEN WORD ,8/7/94,,,
398,RAYKAH! ,8/5/94,,,
397,HEDGES ,7/29/94,,,
396,THE BEGGAR IN THE TEMPLE ,7/27/94,,,
395,AMEN ,7/22/94,,,
394,BUT I SAY TO YOU ,7/8/94,,,
393,A MESSAGE FOR THIEVES ,7/2/94,,,
392,KEYS OF REVIVAL ,7/1/94,,,
391,THE DEVIL AND UTOPIA ,6/26/94,,,
390,THE GOSPEL AND YOUR IMMUNE SYSTEM ,6/24/94,,,
389,CARRIED IN HIS ARMS,6/19/94,,,
388,JONAH IN NINEVEH: BOOK OF JONAH III,6/10/94,,,
387,NOT ONE JOT ,6/3/94,,,
386,BE ANGRY ,5/29/94,,,
385,OUT OF THE FISH: BOOK OF JONAH IV,5/27/94,,,
384,LIGHTS OF THE WORLD ,5/20/94,,,
383,WHAT SHALL WE DO? ,5/15/94,,,
382,THE MATTAN ,5/13/94,,,
381,MIRYAM ,5/8/94,,,
380,LESSONS FROM THE FISH: BOOK OF JONAH V ,5/6/94,,,
379,KOINONEA ,5/1/94,,,
378,GOD ON THE BLUE PLANET,4/22/94,,,
377,OLD CLOTHES NEW CLOTHES ,4/17/94,,,
376,TRUTH IN LOVE ,4/10/94,,,
375,GOING OVERBOARD: BOOK OF JONAH VI ,4/8/94,,,
374,THE TOMB ,4/3/94,,,
373,THE MOHAR ,4/1/94,,,
372,THE DAY OF PALMS ,3/27/94,,,
371,PASSOVER SEDER ,3/25/94,,,
370,THE THEOLOGY OF CHILDHOOD ,3/18/94,,,
369,SALT OF THE EARTH ,3/11/94,,,
368,STANDING IN THE WAVES ,3/6/94,,,
367,THE RESTLESS DOVE: BOOK OF JONAH VII ,3/4/94,,,
366,LESSONS FROM ESTHER ,2/27/94,,,
365,STANDING TALL ,2/25/94,,,
364,GIFTS TO MEN ,2/20/94,,,
363,ARISE MY LOVE ,2/18/94,,,
362,THE COMING OF THE BELOVED ,2/6/94,,,
361,HOLY BELLS ,2/4/94,,,
360,THE HOLY ONE IN SHEOL ,1/30/94,,,
359,THE BLESSINGS OF THE PERSECUTED ,1/28/94,,,
358,CHILDREN IN THE WIND ,1/23/94,,,
357,DEALING WITH PEOPLE ,1/21/94,,,
356,THE LORD SHALL BE ONE ,1/14/94,,,
355,BODY LIFE AND WHITE BLOOD CELLS ,1/9/94,,,
354,READINGS FROM EPHESIANS (SNOW SERVICE) ,1/7/94,,,
352,IMMANUEL II ,12/26/93,,,
351,IMMANUEL I,12/24/93,,,
350,LIVING WATERS FROM JERUSALEM ,12/17/93,,,
349,THE WAYS OF FREEDOM ,12/12/93,,,
348,THE WAY TO FREEDOM ,12/10/93,,,
347,THE FISHERMAN'S SERMON ,12/5/93,,,
346,THE LORD SHALL BE KING ,12/3/93,,,
345,THE BOND OF ECHAD ,11/28/93,,,
344,THE BLESSINGS OF THE PEACEMAKERS ,11/26/93,,,
342,A LETTER FROM PRISON ,11/14/93,,,
341,HOLY GROUND ,11/12/93,,,
340,2ND CHAPTER OF ACTS: THE COMING OF THE SPIRIT ,11/7/93,,,
339,PUTTING AWAY CHILDISH THINGS ,10/29/93,,,
338,MORE THAN WE ASK ,10/24/93,,,
337,THE BLESSINGS OF THE PURE ,10/22/93,,,
336,FILLED UP WITH THE FULLNESS ,10/17/93,,,
335,THE OPEN GATES AND THE HEAVENLY HEART ,10/3/93,,,
334,THE GREAT PREPARATION ,10/1/93,,,
333,THE REALITY OF THE SACRIFICE ,9/26/93,,,
332,THE YOM KIPPUR WAY ,9/24/93,,,
331,THE MIXED UP NEW YEAR ,9/19/93,,,
330,A TIME FOR PEACE ,9/17/93,,,
329,THE BLESSINGS OF THE MERCIFUL ,9/10/93,,,
328,WHEN THE SAINTS ... ,9/3/93,,,
327,THE SUBSTITUTE APOSTLE ,8/29/93,,,
326,RENEWING YOUR VOWS ,8/27/93,,,
325,THOSE WHO HUNGER AND THIRST ,8/13/93,,,
324,THE UNKNOWABLE LOVE ,8/8/93,,,
323,STRIKE THE SHEPHERD ,8/6/93,,,
322,PETER AND JUDAS ,8/1/93,,,
321,THE HANDS OF MESSIAH ,7/30/93,,,
320,THE HEIGHT, THE DEPTH, THE BREADTH, AND THE LENGTH,7/25/93
319,THE GUARDIANS OF EDEN ,7/23/93,,,
317,LESSONS FROM RUSSIA ,7/9/93,,,
316,FATHERHOOD AND GOD ,6/20/93,,,
315,THE BLESSINGS OF THE MEEK ,6/18/93,,,
314,WOUNDED IN THE HOUSE OF MY FRIENDS ,6/4/93,,,
313,GOING OUT ,5/30/93,,,
312,WHEREVER YOU GO ,5/28/93,,,
311,THE BLESSINGS OF THOSE WHO MOURN ,5/21/93,,,
310,INTO THE SKY ,5/16/93,,,
309,THE GATHERING ,5/14/93,,,
308,GOD AND MOTHERHOOD ,5/9/93,,,
307,THE WOUNDED PROPHET ,5/7/93,,,
306,THE UNLIKELY TEMPLE ,5/2/93,,,
305,THE BLESSINGS OF THE POOR IN SPIRIT ,4/30/93,,,
304,THE KINGDOM AND THE JOURNEY ,4/25/98,,,
303,THE ISRAEL OF SPIRIT ,4/23/93,,,
302,PASSOVER SEDER 1993 ,4/18/93,,,
301,THE RESURRECTION ON TRIAL ,4/11/93,,,
300,THE AKIDAH - THE OFFERING OF ISAAC ,4/9/93,,,
299,THE PALM SUNDAY CONNECTION ,4/4/93,,,
298,SPRING CLEANING ,4/2/98,,,
297,BREAKING DOWN WALLS ,3/28/93,,,
296,SEEING THE PIERCED ONE ,3/26/93,,,
295,STRANGERS TO THE COMMONWEALTH ,3/21/93,,,
294,HEALING ,3/19/93,,,
293,HAMAN'S PARADE ,3/7/93,,,
292,THE GALLOWS PRINCIPLE ,3/5/93,,,
291,THE MYSTERY OF THE HIDDEN SCROLLS ,2/28/93,,,
290,JERUSALEM BESIEGED ,2/19/93,,,
289,LIKE PURE OIL ,2/14/93,,,
288,EPISTLE OF FIRST PETER ,2/12/93,,,
287,THE POEM OF GOD ,2/7/93,,,
286,A LIFE OF VALUE (PRIORITIES) ,2/5/93,,,
285,BY THE SEA ,1/22/93,,,
284,HEAVENLY GRAMMAR ,1/17/93,,,
283,THE ANTI-MESSIAH ,1/15/93,,,
282,THE APOSTLES' GRADUATION (ACTS) ,1/10/93,,,
281,GROWING PAINS ,1/8/93,,,
279,BEYOND CHRISTMAS ,1/1/93,,,
278,RUNNING LATE ,12/31/92,,,
277,SIMEON ,12/27/92,,,
276,THE CELEBRATION OF LITTLENESS ,12/25/92,,,
275,THE CHRISTMAS / CHANUKAH CONNECTION ,12/20/92,,,
274,THE CELEBRATION OF LIGHT ,12/18/92,,,
273,CHILDREN OF WRATH ,12/13/92,,,
272,QUESTIONS AND ANSWERS ,12/11/92,,,
271,THE DOORS OF THE TEMPLE ,12/4/92,,,
270,THE POWER OF GIVING THANKS ,11/27/92,,,
269,THE WALKING DEAD ,11/22/92,,,
268,GALILEE ,11/20/92,,,
267,UNDER HIS FEET ,11/15/99,,,
266,THE SHEPHERD'S DEPARTURE ,11/13/92,,,
265,THE SEQUEL (ACTS) ,11/8/92,,,
264,THE TEMPTATION ,11/6/92,,,
263,A BIBLICAL STAND ON POLITICS ,11/1/92,,,
262,ABOVE ALL POWERS ,10/25/92,,,
261,FRUITS FOR TABERNACLES ,10/18/92,,,
260,THE LULAV ,10/16/92,,,
259,THE MASTER SECRET OF EVANGELISM ,10/11/92,,,
258,NATURAL BRIDGES ,10/9/92,,,
257,APPLYING DANIEL 9:24 TO LIFE ,10/4/92,,,
256,A MOST HOLY VERSE: DANIEL 9:24 ,10/2/92,,,
255,WAKING UP ,9/27/92,,,
254,END TIME UPDATE 1992 ,9/25/92,,,
253,RECOGNIZING HIM ,9/13/92,,,
252,OVERCOMING SEXUAL SIN ,9/11/92,,,
251,THE BOOK OF ACTS - INTRODUCTION ,9/6/92,,,
250,THE TEMPTATION OF MESSIAH ,9/4/92,,,
249,THE EYES OF YOUR HEART ,8/30/92,,,
248,ACCEPTANCE AND REJECTION ,8/28/92,,,
247,THE EUCHARISTIA - GRATEFULNESS ,8/25/92,,,
246,OVERCOMING HABITUAL SIN ,8/21/92,,,
245,SEALED FOR REDEMPTION ,8/16/92,,,
244,THE MALKOSH: THE LATTER RAINS ,8/14/92,,,
243,IN THE BELOVED ,8/9/92,,,
242,THE IMMERSION OF MESSIAH ,8/7/92,,,
241,PREDESTINATION AND FREE WILL ,8/2/92,,,
240,THE MYSTERY OF MELCHIZEDEK ,7/31/92,,,
239,THE BOW, THE NAIL, AND THE STONE ,7/24/92,
238,THE BLESSING ,7/19/92,,,
237,A VOICE CRYING IN THE WILDERNESS ,7/17/92,,,
236,GRACE AND PEACE ,7/12/92,,,
235,A BIBLICAL VIEW OF SEXUALITY ,7/10/92,,,
234,APOSTLES AND SAINTS ,7/5/92,,,
232,THE NAME OF PAUL ,6/21/92,,,
231,THE POWER OF IMMERSION ,6/19/92,,,
230,UNAVAILABLE,6/19/92,,,
229,LAWS OF THE HARVEST ,6/7/92,,,
228,WIND AND WHEAT ,6/5/92,,,
227,PRISONERS OF HOPE ,5/29/92,,,
226,LESSONS FROM THE BAPTIST ,5/22/92,,,
225,COMMANDING PEACE ,5/15/92,,,
224,YOCHANAN THE IMMERSER (JOHN THE BAPTIST) ,5/8/92,,,
223,PEACE TO THE GENTILES ,5/1/92,,,
222,PASSOVER '92 ,4/24/92,,,
221,THE GREAT COMMISSION ,4/19/92,,,
220,THE MYSTERY OF THE ZEROAH ,4/17/92,,,
219,ENLARGE THY TENTS ,4/10/92,,,
218,FOUNDATIONS ,4/3/92,,,
217,CROSSING OVER ,3/27/92,,,
216,UNFINISHED BUSINESS ,3/20/92,,,
215,ZECHARIAH 9:9 ,3/13/92,,,
214,OVERCOMING FEAR ,3/6/92,,,
213,THE FULLNESS OF TIME ,2/28/92,,,
212,MESSIAH'S JACKASS ,2/21/92,,,
211,MY SISTER, MY BRIDE ,2/14/92,,
210,THE MISSING YEARS III ,2/7/92,,,
209,ZECHARIAH & THE GREEKS ,1/31/92,,,
208,THE MISSING YEARS II (CHILDHOOD) ,1/29/92,,,
207,TEN GENTILES, ONE JEW ,1/17/92,,
206,THE MISSING YEARS I ,1/10/92,,,
205,TRUTH, PEACE, & CELEBRATION ,1/3/92,
204,FROM BETHLEHEM TO NAZARETH ,12/27/91,,,
203,THE VISIT OF THE BRIDEGROOM ,12/20/91,,,
202,LET YOUR HANDS BE STRONG ,12/13/91,,,
201,REDEDICATION / CHANUKAH ,12/6/91,,,
200,JERUSALEM RESTORED ,11/15/91,,,
199,SLAUGHTER OF THE INNOCENTS ,11/8/91,,,
198,HOW NOT TO BE COOL ,10/25/91,,,
197,THE GIFTS OF THE MAGI ,10/18/91,,,
196,FASTING FOR NOTHING ,10/11/91,,,
195,HEROD THE GREAT ,10/4/91,,,
194,SECRETS OF THE BRANCH ,9/27/91,,,
193,CAMPING IN HEAVEN ,9/20/91,,,
192,TOUCHING GOD ,9/13/91,,,
191,TRUMPETS UPDATE 1991 ,9/6/91,,,
190,THE JOURNEY OF THE MAGI ,8/30/91,,,
189,KNOWING GOD'S WILL ,8/23/91,,,
188,THE JOY OF HUMILITY,8/9/91,,,
187,THE TWO HOUSES: THE PALACE AND THE TEMPLE ,8/2/91,,,
186,THE VIRGIN BIRTH ,7/26/91,,,
185,TRUE HUMILITY ,7/19/91,,,
184,MESSIAH IN THE TORAH ,7/12/91,,,
183,THE MIRACLE OF THE FALASHAS ,6/28/91,,,
182,THE BLESSINGS OF LIMA BEANS ,6/21/91,,,
181,MOUNTAINS & CAPSTONES ,6/14/91,,,
180,THE SCANDAL OF THE VIRGIN ,6/7/91,,,
179,(THE) OMEGA STONE ,5/31/91,,,
178,THE BOOK OF RUTH ,5/17/91,,,
177,THE DANCE OF THE MERRYMAKERS ,5/10/91,,,
176,MESSIAH & THE JEWISH MOTHER ,5/3/91,,,
175,THE CORNERSTONE ,4/26/91,,,
174,THE GENEALOGY OF MESSIAH ,4/19/91,,,
173,PASSOVER SEDER 1991 II ,4/6/91,,,
172,PASSOVER SEDER 1991 I ,4/6/91,,,
171,THE LAMB & THE DOORWAY,3/29/91,,,
170,BY MY SPIRIT ,3/22/91,,,
169,Y'SHUA -- THE NAME ,3/15/91,,,
168,PURIM & THE TRIUMPH OF GOOD ,3/1/91,,,
167,THE AUTOMATIC MENORAH ,2/22/91,,,
166,THE GOSPEL OF MATTHEW ,2/15/91,,,
165,MESSIAH -- THE BRANCH ,2/8/91,,,
164,THE THREAT OF ASSYRIA ,1/25/91,,,
163,THE FIVE GOSPELS ,1/4/91,,,
162,THE HUMILIATION OF MESSIAH ,12/28/90,,,
161,BETHLEHEM ,12/21/90,,,
160,THE OLIVE, THE LIGHT, & THE MESSIAH ,12/14/90,
159,THE FIRST BELIEVERS ,12/7/90,,,
158,A CHANGE OF GARMENTS,11/30/90,,,
157,FORGIVING YOURSELF ,11/23/90,,,
156,THE ACCUSER ,11/16/90,,,
155,THE PRICE OF UNFORGIVENESS ,11/9/90,,,
154,THE MAN WITH THE MEASURING LINE ,11/2/90,,,
153,NOTES ON FORGIVENESS ,10/26/90,,,
152,THE BREAD AND THE WINE ,10/19/90,,,
151,THE FOURTH CARPENTER ,10/12/90,,,
150,RIVERS OF LIVING WATERS ,10/6/90,,,
149,THE SCAPEGOAT ,9/29/90,,,
148,END-TIME UPDATE 1990 ,9/22/90,,,
147,THE TRIUMPH OF LOVE ,9/7/90,,,
146,THE MAN IN THE MYRTLES ,8/31/90,,,
145,LOVE IS ,8/24/90,,,
144,ZECHARIAH: GOD REMEMBERS ,8/10/90,,,
143,IF I HAVE NOT LOVE ,8/3/90,,,
142,FRUITFUL AND MULTIPLYING ,7/27/90,,,
141,NAKED AND FACE TO FACE ,7/20/90,,,
140,MALE & FEMALE: THE MYSTERY ,7/6/90,,,
139,THE DANCE OF THE BRIDE & GROOM ,6/30/90,,,
138,THE DEATH OF MOSES ,6/29/90,,,
137,THREE HORSES AND THE THREE LOVES ,6/22/90,,,
136,THE TWELVE SONS II ,6/15/90,,,
135,THE TWELVE SONS I ,6/15/90,,,
134,LOVE NOTES ,6/8/90,,,
133,STONE AND SPIRIT ,6/1/90,,,
132,YOUR LAST WEEK ,5/25/90,,,
131,JOY ,5/18/90,,,
130,THE REGATHERING ,5/11/90,,,
129,MAKING PEACE,5/4/90,,,
128,THE ANGUISH OF ISRAEL ,4/29/90,,,
127,THE PRAISE OF GOD ,4/22/90,,,
126,THE EIGHTH DAY ,4/15/90,,,
125,THE SIXTH AND SEVENTH DAY ,4/13/90,,,
124,THE PASSOVER SERVICE 1990 II ,4/7/90,,,
123,THE PASSOVER SERVICE 1990 I ,4/7/90,,,
122,WITHOUT A VISION ,3/30/90,,,
121,THE SECRET PLACE,3/16/90,,,
120,FOR SUCH A TIME AS THIS ,3/9/90,,,
119,THE HARVEST OVERFLOW ,3/2/90,,,
118,BIBLICAL MUSIC AND PSALM ,1/31/90,,,
117,THE PEACE OF THE PRINCE ,2/23/90,,,
116,DIVINE MARRIAGE COUNSELING ,2/16/90,,,
115,THE BRIDE AND THE BRIDEGROOM ,2/9/90,,,
114,DIVORCE AND REMARRIAGE ,2/2/90,,,
113,PERSEVERANCE ,1/26/90,,,
112,OUTSIDE THE CAMP ,1/19/90,,,
111,NOTES ON FAITH ,1/12/90,,,
110,THE PASSOVER KIT ,4/19/89,,,
109,THE PASSOVER KIT ,4/19/89,,,
106,THE OFFERING OF ISAAC ,0000-00-00,,,
105,THE MYSTERY OF MELCHIZEDEK ,0000-00-00,,,
103,THE GATES OF EDEN ,0000-00-00,,,
102,MESSIAH AND THE CURSE ,1/5/90,,,
101,THE WOMAN AND THE CHILD ,12/29/89,,,
100,WOUNDED FEET ,12/23/89,,,
99,MANURE AND GOSSIP ,12/22/89,,,
98,MINISTRY AND SERVICE ,12/15/89,,,
97,THE INCARNATION OF LOVE ,12/8/89,,,
96,REDEDICATING THE TEMPLE ,12/1/89,,,
95,THE PARABLE OF THE SOWER ,11/24/89,,,
94,OF THINGS HOPED FOR ,11/5/89,,,
93,HOUSE TO HOUSE ,11/10/89,,,
92,THE EUNUCH, THE BASTARD, AND THE STRANGER ,11/3/89,
91,AFTER MANY DAYS ,10/27/89,,,
90,SEEING BEYOND THE VEIL ,10/20/89,,,
89,AGAINST YOUR ENEMIES ,10/20/89,,,
88,EMUNAH: FAITH ,10/20/89,,,
87,TEARS ON HIS HAND ,10/20/89,,,
86,THE FALLEN SUKKAH OF DAVID ,10/14/89,,,
85,THE MAN IN THE MIRROR ,10/8/89,,,
84,THE SOUND OF THE ALARM ,9/30/89,,,
83,PURPOSE FORGOTTEN ,9/16/89,,,
82,THE PROPHET ,9/9/89,,,
81,REPENTANCE ,9/1/89,,,
80,WITCHES AND WIZARDS ,8/25/89,,,
79,THE GOSPEL OF THE BUTTERFLY ,8/18/89,,,
78,THE INHERITANCE OF THE PRIEST ,8/11/89,,,
77,SAVED,8/4/89,,,
76,THE DANGERS OF BEING KING ,7/28/89,,,
75,FALLACIES OF THE NEW BIRTH ,7/21/89,,,
74,SPRING, SUMMER, AND FALL ,7/14/89,
73,WHEN I AWAKE ,7/7/89,,,
72,HOLY GARMENTS ,6/30/89,,,
71,THE SABBATH YEAR ,6/23/89,,,
70,THE HEARTS OF THE CHILDREN ,6/16/89,,,
69,SHAVUOT / PENTECOST 1989 ,6/9/89,,,
68,TITHES FOR JERUSALEM,6/2/89,,,
67,THE IMPORTANCE OF BEING DEAD ,5/26/89,,,
66,TITHES AND OFFERINGS ,5/19/89,,,
65,PROCLAIM TO THE NATIONS ,5/12/89,,,
64,KOSHER AND NON-KOSHER ,5/5/89,,,
63,PASSOVER 1989 ,4/29/89,,,
62,THE LORD'S SUPPER,4/28/89,,,
61,THE PEOPLE OF LIFE ,4/21/89,,,
60,THE PRINCE OF SHALOM ,4/14/89,,,
59,THIS HOUSE ,4/7/89,,,
58,ARISE AND CROSS ,3/31/89,,,
57,THE BLOOD OF THE SHEPHERD ,3/24/89,,,
56,LAUGHTER - Mini Message,3/17/89,,,
55,FALSE TEACHINGS AND SOUND DOCTRINE ,3/10/89,,,
54,BEDTIME ,3/3/89,,,
53,ALTARS ON THE HIGH PLACES ,2/24/89,,,
52,TWO RABBIS IN THE NIGHT ,2/17/89,,,
51,A PEOPLE BLESSED,2/10/89,,,
50,SONG OF THE BELOVED ,2/3/89,,,
49,KEEPERS OF THE WORD ,1/27/89,,,
48,CLAY (MAN) ,1/20/89,,,
47,A GOOD LAND ,1/13/89,,,
46,NUMBER OUR DAYS ,12/30/88,,,
45,THE SONG OF SHIMON ,12/23/88,,,
43,THE LAMB ,12/2/88,,,
42,THE LION ,11/25/88,,,
41,IN THE WILDERNESS ,11/18/88,,,
40,MASHIACH/MESSIAH ,11/11/88,,,
39,THAT YOU MIGHT KNOW ,11/4/88,,,
38,MAYIM: THE HOLY SPIRIT/WATER ,10/28/88,,,
37,COMMITMENT ,10/21/88,,,
36,RUACH: THE HOLY WIND/SPIRIT ,10/14/88,,,
35,WATERS FROM THE ROCK ,10/7/88,,,
34,SUKKOT: THE FEAST OF TABERNACLES (1988) ,9/30/88,,,
33,MOURNING INTO JOY ,9/23/88,,,
32,YOM KIPPUR: THE DAY OF ATONEMENT 1988 ,9/16/88,,,
31,THE FEAST OF TRUMPETS ,9/9/88,,,
30,HA BAR: THE SON ,9/2/88,,,
29,THE WATERS OF MERIBAH ,8/26/88,,,
28,ECHAD -- THE TRIUNITY OF GOD IN THE HEBREW SCRIPTURE,8/10/88,,,
27,AS A MAN CARRIES HIS SON ,8/12/88,,,
26,ABBA/FATHER ,8/5/88,,,
25,THE FIGHT ,7/29/88,,,
24,THE FRIEND ,7/22/88,,,
23,FRUIT FROM THE PROMISED LAND ,7/15/88,,,
22,THE STRANGER ,7/8/88,,,
21,JOURNEY'S END ,7/1/88,,,
20,ANI HU: I AM HE ,6/24/88,,,
19,HOW LOVELY ARE YOUR TENTS ,6/17/88,,,
17,OUT OF YOUR GRAVES ,6/3/88,,,
16,REPORT FROM THE PROMISED LAND ,5/27/88,,,
13,ALIYAH - SONG OF ASCENTS ,5/6/88,,,
11,THE ROAD TO THE PROMISED LAND ,4/15/88,,,
10,A NEW BEGINNING,4/8/88,,,
5,HOW THE MIGHTY ARE FALLEN,2/26/88,,,
4,JONATHAN'S TESTIMONY ,6/10/88,,,
0,JONATHAN'S TESTIMONY ,0000-00-00,,,